competitor,Screen Name
Amundi_ENG,marhabaDx
Amundi_ENG,natpitie
Amundi_ENG,Rfama45
Amundi_ENG,mirjam_vriens
Amundi_ENG,LGBTGreat
Amundi_ENG,Last_Word_Media
Amundi_ENG,chichikid
Amundi_ENG,fondsgedanken
Amundi_ENG,Roni_ja12
Amundi_ENG,nick_reeve
Amundi_ENG,Datchina2
Amundi_ENG,dconsulting_fs
Amundi_ENG,carbondelta
Amundi_ENG,bilalmehsud4723
Amundi_ENG,AlanBuc17159211
Amundi_ENG,FitBigRick
Amundi_ENG,fu_sylvester
Amundi_ENG,lucythevoice
Amundi_ENG,GaryKite
Amundi_ENG,hedgehogmarkets
Amundi_ENG,creativelabsro
Amundi_ENG,joscchh
Amundi_ENG,NAJEEBALYAFEE
Amundi_ENG,KhalilALKUMAIM
Amundi_ENG,nidhoir
Amundi_ENG,89iFOjgCt35syr7
Amundi_ENG,AhmedHe18598354
Amundi_ENG,CCIFranceItalie
Amundi_ENG,MMehdiBenali
Amundi_ENG,azaam13709937
Amundi_ENG,msenthilkumar_t
Amundi_ENG,Latifaaldossry
Amundi_ENG,dtordable
Amundi_ENG,EaddyinRaleigh
Amundi_ENG,Yaseenmamdouh6
Amundi_ENG,AlanPitchforth
Amundi_ENG,abdullaalsaei
Amundi_ENG,AMalek36762369
Amundi_ENG,hayathb
Amundi_ENG,VincentGalanti
Amundi_ENG,aIlZxUEtBvHOrF0
Amundi_ENG,NewBusinessNtwk
Amundi_ENG,Saadsaad6611
Amundi_ENG,santiarmadel
Amundi_ENG,R2P63
Amundi_ENG,GeorgiaSangster
Amundi_ENG,OkOfxXo1VMGrzbY
Amundi_ENG,Sonia15839767
Amundi_ENG,periteamplus
Amundi_ENG,jbelrd
Amundi_ENG,Tyrant_31
Amundi_ENG,Djaouida_AF2012
Amundi_ENG,Mohamed13445217
Amundi_ENG,marcosangu79
Amundi_ENG,gmata82
Amundi_ENG,mohammedfars
Amundi_ENG,Sale7aEgy
Amundi_ENG,ParanqueC
Amundi_ENG,macorgroup
Amundi_ENG,aliochaka
Amundi_ENG,AAP2ooo
Amundi_ENG,QuestHowth
Amundi_ENG,yetkinaltnel
Amundi_ENG,FogByggtjanst
Amundi_ENG,MikeGaynorEcon
Amundi_ENG,AdelElBendary
Amundi_ENG,investglass
Amundi_ENG,MrBaile72261343
Amundi_ENG,IlariaGentiliS
Amundi_ENG,Ecclesiates_007
Amundi_ENG,Wiztopic_EN
Amundi_ENG,fr_momo77
Amundi_ENG,RI_News_Alert
Amundi_ENG,caroline75008
Amundi_ENG,MaitlandGroup
Amundi_ENG,twittingrom
Amundi_ENG,jacobs_kristof
Amundi_ENG,Caglarmehmet1
Amundi_ENG,alwong2000
Amundi_ENG,eesarret
Amundi_ENG,Giacomoraffa_
Amundi_ENG,JacopoGardenghi
Amundi_ENG,lansying
Amundi_ENG,hcwolfchen
Amundi_ENG,Kamotito
Amundi_ENG,csudana
Amundi_ENG,EMViews
Amundi_ENG,OldCinemas
Amundi_ENG,GabColBabySmile
Amundi_ENG,denzilsoans
Amundi_ENG,JosepMVallesJ
Amundi_ENG,StarMountainCap
Amundi_ENG,bfer4
Amundi_ENG,bryanoloughlin
Amundi_ENG,Stream_of_Light
Amundi_ENG,frank_janos
Amundi_ENG,valeriebaudson
Amundi_ENG,OndrejStejskal
Amundi_ENG,TheMoneyPouch
Amundi_ENG,Mingmingsuperm1
Amundi_ENG,SelectingSuper
Amundi_ENG,loiswatts_
Amundi_ENG,cmh_sml
Amundi_ENG,iAgribusiness
Amundi_ENG,jacekkarczewsk1
Amundi_ENG,KarinaTayag
Amundi_ENG,EmanueleFanelli
Amundi_ENG,marieguil92130
Amundi_ENG,maribelesparcia
Amundi_ENG,MyPeFin
Amundi_ENG,Auroreboreales
Amundi_ENG,Robloynes
Amundi_ENG,sbgrrtt
Amundi_ENG,gJHSwBt2M1q8oNy
Amundi_ENG,vladatan
Amundi_ENG,SalemAlazzani85
Amundi_ENG,10X10ETF
Amundi_ENG,seblansmant
Amundi_ENG,JavierHerreros
Amundi_ENG,nelly_poon
Amundi_ENG,camille_ply
Amundi_ENG,CarolJeppesen
Amundi_ENG,wwwwwr8
Amundi_ENG,mathis31954076
Amundi_ENG,MIRANDA06420986
Amundi_ENG,poshlaya_tyan27
Amundi_ENG,GalipoMassimo
Amundi_ENG,tazi_tazi
Amundi_ENG,gbbcp683
Amundi_ENG,o0IDX0LERIPgeJl
Amundi_ENG,cUwMclXcWyBHMmq
Amundi_ENG,jacquesboudoux
Amundi_ENG,dmsandre
Amundi_ENG,LovelyHelaly
Amundi_ENG,modyali55
Amundi_ENG,jeremybillaudel
Amundi_ENG,KOKOROtrends
Amundi_ENG,ignotas
Amundi_ENG,marcelomena
Amundi_ENG,Dinocafaro90
Amundi_ENG,farquar
Amundi_ENG,mmj_immobilier
Amundi_ENG,TheBankingScene
Amundi_ENG,Sweeney87
Amundi_ENG,CarlosBercianos
Amundi_ENG,NoemiZirpoli
Amundi_ENG,the_global_arc
Amundi_ENG,chrygeorge
Amundi_ENG,consi87085942
Amundi_ENG,INGDIRECTItalia
Amundi_ENG,atjaardstra
Amundi_ENG,alifeast
Amundi_ENG,Mikenjeru
Amundi_ENG,zdhawary
Amundi_ENG,GirishS69531159
Amundi_ENG,IAMCGroup
Amundi_ENG,vilanovaisjose
Amundi_ENG,GroultFlora
Amundi_ENG,TTomkowicz
Amundi_ENG,ir_follow
Amundi_ENG,raibcn
Amundi_ENG,redRobin_PR
Amundi_ENG,krutimunot
Amundi_ENG,glincourt
Amundi_ENG,LavenderDad
Amundi_ENG,Habibfromstreet
Amundi_ENG,InfoHedgeTechno
Amundi_ENG,JohanDeusInamo
Amundi_ENG,Fund_Tweet
Amundi_ENG,Ikercabiedes
Amundi_ENG,20_STM_digital
Amundi_ENG,LucianoFusi
Amundi_ENG,paolabertolini2
Amundi_ENG,munirkhan838
Amundi_ENG,zhangxiaosonghk
Amundi_ENG,JoeDonaghey2
Amundi_ENG,Zaccari60622126
Amundi_ENG,CaroAlexandre
Amundi_ENG,WohlhueterA
Amundi_ENG,coh123
Amundi_ENG,InvChannel
Amundi_ENG,luc_cer
Amundi_ENG,MorabadVijay
Amundi_ENG,Gerlandopass
Amundi_ENG,FirstLa35449814
Amundi_ENG,FabioFais2
Amundi_ENG,marcusnagel
Amundi_ENG,RubinaPereira
Amundi_ENG,GPuranga
Amundi_ENG,CSVocento
Amundi_ENG,Vasyaneya
Amundi_ENG,ArnobBiswas18
Amundi_ENG,PL_75
Amundi_ENG,contact_jatin
Amundi_ENG,salvatoredesim
Amundi_ENG,tig_aginyan17
Amundi_ENG,FinInvestigator
Amundi_ENG,MEGAtete
Amundi_ENG,adolfoarguellov
Amundi_ENG,fjmj
Amundi_ENG,juliengrosjean5
Amundi_ENG,LeoGutson
Amundi_ENG,sampsaf
Amundi_ENG,AsiaFunds
Amundi_ENG,Amos1kochiyo
Amundi_ENG,MissOdaro
Amundi_ENG,karlbuon
Amundi_ENG,thomaslingard
Amundi_ENG,ECPIGroup
Amundi_ENG,geniusbalaji
Amundi_ENG,RyanJArthur
Amundi_ENG,tmorenocs
Amundi_ENG,SuFPPinto
Amundi_ENG,sinolau
Amundi_ENG,Fertos54
Amundi_ENG,MyEmpireOfLove
Amundi_ENG,Alejandrohdezg
Amundi_ENG,waiho7141
Amundi_ENG,HybridBourse
Amundi_ENG,jimenalzrt
Amundi_ENG,Maximilian_Moog
Amundi_ENG,HelloAmplifi
Amundi_ENG,JuergenKob
Amundi_ENG,pastore_debora
Amundi_ENG,Paolo48724699
Amundi_ENG,phcrevel
Amundi_ENG,ADMEMORI
Amundi_ENG,LvMexchange
Amundi_ENG,vincy75
Amundi_ENG,JeromeBoam
Amundi_ENG,Luca_df71
Amundi_ENG,EugenioVidal7
Amundi_ENG,lofan777
Amundi_ENG,whitehouse789
Amundi_ENG,filbeck_a
Amundi_ENG,MathildeRgnTtrl
Amundi_ENG,odolby
Amundi_ENG,PropTechNL
Amundi_ENG,jurispatrimonis
Amundi_ENG,GarySedge
Amundi_ENG,portfolio_inst
Amundi_ENG,bernagel4
Amundi_ENG,Fundsexcellence
Amundi_ENG,rishiRdutta
Amundi_ENG,oncdoc7
Amundi_ENG,SophieLebeau44
Amundi_ENG,Kris10Joplin
Amundi_ENG,goversa
Amundi_ENG,almf_ba
Amundi_ENG,mokateT
Amundi_ENG,jregaldie
Amundi_ENG,GianBocchi
Amundi_ENG,candicechetrit1
Amundi_ENG,CHAMFORT2
Amundi_ENG,standup_now
Amundi_ENG,alek7239
Amundi_ENG,BalmatGP
Amundi_ENG,jordy_chilcott
Amundi_ENG,_fsalvo
Amundi_ENG,bernhard_stamm
Amundi_ENG,kshousha
Amundi_ENG,CarlaHeitzmann
Amundi_ENG,BTYGroup
Amundi_ENG,eudiogoferreira
Amundi_ENG,patrik_smira
Amundi_ENG,agf
Amundi_ENG,s_p_a_u_c_a_r
Amundi_ENG,SandraLopezCAAP
Amundi_ENG,blended_finance
Amundi_ENG,forelytics
Amundi_ENG,NadineGhobrial
Amundi_ENG,Vit_Hert
Amundi_ENG,Athenais7380
Amundi_ENG,JirkaSuchanek
Amundi_ENG,GiuseppeGengaro
Amundi_ENG,NicolasMortel
Amundi_ENG,RightsCommerce
Amundi_ENG,CADEO_ANDREA
Amundi_ENG,Solara_io
Amundi_ENG,ElisabethNeve
Amundi_ENG,GroupeBianco
Amundi_ENG,paulomartins6
Amundi_ENG,EloiGamezFort
Amundi_ENG,Dgeomatrizes
Amundi_ENG,ILcoCColo
Amundi_ENG,ooo7vivek
Amundi_ENG,AKS_Funds
Amundi_ENG,MughiniPaolo
Amundi_ENG,AnnaBulzomi
Amundi_ENG,fili_cammarota
Amundi_ENG,poet_economist
Amundi_ENG,DaviPari
Amundi_ENG,AfricaAnalyst
Amundi_ENG,DelmarAlejandro
Amundi_ENG,DividendPlus
Amundi_ENG,LuxembourgSE
Amundi_ENG,IFCEurope
Amundi_ENG,BBCA_asso
Amundi_ENG,Miro_Delaporte
Amundi_ENG,alinatede
Amundi_ENG,daeseleire
Amundi_ENG,federicamarie
Amundi_ENG,akikachi
Amundi_ENG,StanPottier
Amundi_ENG,helymedina
Amundi_ENG,ivanchan_ic
Amundi_ENG,tdprez
Amundi_ENG,FederSilvano
Amundi_ENG,em_michaux
Amundi_ENG,MmBahcivan
Amundi_ENG,anirbanc8488
Amundi_ENG,HaM3dM
Amundi_ENG,EmilSimedrea
Amundi_ENG,RebeccaCodecas2
Amundi_ENG,Clunax
Amundi_ENG,ubetto
Amundi_ENG,Mbrob1
Amundi_ENG,macro_fintech
Amundi_ENG,gigugin77
Amundi_ENG,R_Sinkovits
Amundi_ENG,wrthinks
Amundi_ENG,jvhatchi
Amundi_ENG,UnoetCompany
Amundi_ENG,Rmaria_AL
Amundi_ENG,Fabricebay1
Amundi_ENG,icma_amic
Amundi_ENG,m6278467
Amundi_ENG,JEFFILLON
Amundi_ENG,easyMoney_uk
Amundi_ENG,PaulDiamond8
Amundi_ENG,Up_Slide
Amundi_ENG,AndreasFranz
Amundi_ENG,afundslawyer
Amundi_ENG,RoboSchmobo
Amundi_ENG,gba_mm
Amundi_ENG,currentstate_tm
Amundi_ENG,girardin_raph
Amundi_ENG,LibelleLa
Amundi_ENG,mattiarepetto97
Amundi_ENG,Ichnusa67
Amundi_ENG,UnLuigi
Amundi_ENG,ivacaslavova
Amundi_ENG,LPdatasource
Amundi_ENG,rielz13
Amundi_ENG,NinfaCalipso
Amundi_ENG,ffini_77
Amundi_ENG,DiceyBit
Amundi_ENG,michaelthomyyz
Amundi_ENG,nagpuri007
Amundi_ENG,fabionatale77
Amundi_ENG,6n4a8n2a8n
Amundi_ENG,donaldayren
Amundi_ENG,AG2RLMP
Amundi_ENG,ArkeTekne
Amundi_ENG,adexia_gestion
Amundi_ENG,MadouBill
Amundi_ENG,JanMeza8
Amundi_ENG,KristianZefi1
Amundi_ENG,Alvarez_N44
Amundi_ENG,Fiordaliso9
Amundi_ENG,gilanteri
Amundi_ENG,IFCAM
Amundi_ENG,pmont74
Amundi_ENG,Financiere360
Amundi_ENG,Alexamurai
Amundi_ENG,giovanni2046
Amundi_ENG,stanislascuny
Amundi_ENG,Devendraranvir
Amundi_ENG,TurcaVan
Amundi_ENG,ttgo72
Amundi_ENG,AmelieDrabowicz
Amundi_ENG,manowar1234_
Amundi_ENG,TurningParisian
Amundi_ENG,FossilFreeFunds
Amundi_ENG,pensionsync
Amundi_ENG,simone_balestri
Amundi_ENG,thepoundlive
Amundi_ENG,DiegoLChan
Amundi_ENG,cusanno_claudio
Amundi_ENG,LorenzoTersi
Amundi_ENG,infratoinfo
Amundi_ENG,giustizieriugo
Amundi_ENG,debtexplained
Amundi_ENG,ASuarezRLIB
Amundi_ENG,topic_label
Amundi_ENG,TulliSergio
Amundi_ENG,delarox_81
Amundi_ENG,Lemuaccounts
Amundi_ENG,FlintLemon
Amundi_ENG,Dennis__Jung
Amundi_ENG,sebino68
Amundi_ENG,AIMA_org
Amundi_ENG,_charles_00
Amundi_ENG,NeliKaloyanova
Amundi_ENG,vishalrjm
Amundi_ENG,HASSANIMYRIAM1
Amundi_ENG,JeremyCPickles
Amundi_ENG,MarcFrippiat
Amundi_ENG,LuxFLAG
Amundi_ENG,EricBellet2
Amundi_ENG,nomade13300
Amundi_ENG,IZ_NES
Amundi_ENG,arnabseal
Amundi_ENG,eSignTools
Amundi_ENG,The_Fake_Forest
Amundi_ENG,katjavignali
Amundi_ENG,mathieu_lafitte
Amundi_ENG,MistaDo1
Amundi_ENG,ExpesPeter
Amundi_ENG,yyuuvv
Amundi_ENG,Freeborn001
Amundi_ENG,AlfonsoSR_CS
Amundi_ENG,Craigterrington
Amundi_ENG,Le_Smadj
Amundi_ENG,imbertisa
Amundi_ENG,KonceptShirt
Amundi_ENG,Ranger03274972
Amundi_ENG,HedingtonScott
Amundi_ENG,JRivas_Grela
Amundi_ENG,FrenchChamberSG
Amundi_ENG,Ric_Daud
Amundi_ENG,BlandineHenault
Amundi_ENG,ML_Finet
Amundi_ENG,GrvsVeronique
Amundi_ENG,Fenion_AT
Amundi_ENG,macrocurve
Amundi_ENG,pgarcia288
Amundi_ENG,fred_shu
Amundi_ENG,Bchia92
Amundi_ENG,WawSochacki
Amundi_ENG,ArthurMoreauEM
Amundi_ENG,allnews_ch
Amundi_ENG,GBVMAG
Amundi_ENG,metalmanzoni
Amundi_ENG,volansjohn
Amundi_ENG,JingLeong
Amundi_ENG,Cat31_IC
Amundi_ENG,KaOra_Partners
Amundi_ENG,FatmaTubagus
Amundi_ENG,focusonfunds
Amundi_ENG,Mohsinwn
Amundi_ENG,MFeuvre
Amundi_ENG,Fondmannen1
Amundi_ENG,zafarkw
Amundi_ENG,InvestmentTipi
Amundi_ENG,IFC_org
Amundi_ENG,JLLItalia
Amundi_ENG,deepindex
Amundi_ENG,ClevelandCo_
Amundi_ENG,Qnguyen2212
Amundi_ENG,Ant_Lodo
Amundi_ENG,UUVVF
Amundi_ENG,ViniciusKagel
Amundi_ENG,trehollatz
Amundi_ENG,DorianaLL
Amundi_ENG,sinda_33
Amundi_ENG,sachinchauhan78
Amundi_ENG,4E11193
Amundi_ENG,Dr_NishaLong
Amundi_ENG,AccountsIQ
Amundi_ENG,Gilles_Guez01
Amundi_ENG,JackJ29
Amundi_ENG,JulieMansmann
Amundi_ENG,JosephSchager
Amundi_ENG,brilherman
Amundi_ENG,chadou33
Amundi_ENG,YankovaKarina
Amundi_ENG,RolloDenye
Amundi_ENG,edisson9026
Amundi_ENG,SABizCommunity
Amundi_ENG,assicuratoried
Amundi_ENG,bozkurt11287
Amundi_ENG,3ntno3ta
Amundi_ENG,markdanieltaylo
Amundi_ENG,mmsiibf4598389
Amundi_ENG,VersionPat
Amundi_ENG,SophieNeftelAvr
Amundi_ENG,emtacintl
Amundi_ENG,at4sasha
Amundi_ENG,chrishsh
Amundi_ENG,HeraxelConsult
Amundi_ENG,richie_gannon
Amundi_ENG,EditionsF
Amundi_ENG,Chaineum
Amundi_ENG,FinanciaLounge
Amundi_ENG,I_Demonangel
Amundi_ENG,callme_gordon
Amundi_ENG,tomomi_sep01
Amundi_ENG,CPE_Global
Amundi_ENG,AgefiEvents
Amundi_ENG,AustinKakon
Amundi_ENG,MarcusHalberst4
Amundi_ENG,AlikeLovers
Amundi_ENG,ishaanmital
Amundi_ENG,JussiNiemisto
Amundi_ENG,Jimmy61813382
Amundi_ENG,FinanzasyVivir
Amundi_ENG,CRUXAssetMan
Amundi_ENG,felfel_sami
Amundi_ENG,FundShop
Amundi_ENG,GlobInvestForum
Amundi_ENG,Pension4Purpose
Amundi_ENG,AMINFO2018
Amundi_ENG,sbmarik
Amundi_ENG,tk02151982
Amundi_ENG,schonhyme1
Amundi_ENG,GillesCutaya
Amundi_ENG,DavideRMelone
Amundi_ENG,mccusker_will
Amundi_ENG,AshendenFinance
Amundi_ENG,DOLLAR888888888
Amundi_ENG,StefanFranzel
Amundi_ENG,Zindagi_Travel
Amundi_ENG,AlabertAlain811
Amundi_ENG,tabinusawa
Amundi_ENG,andreaper1970
Amundi_ENG,cemebinah
Amundi_ENG,septiansetiaji
Amundi_ENG,BlueSkyMLS
Amundi_ENG,vastgoeddata
Amundi_ENG,GilbertoTCC
Amundi_ENG,AdrianKnoblauch
Amundi_ENG,B0mbaySapphire
Amundi_ENG,sigame_close
Amundi_ENG,ProfLongin
Amundi_ENG,MN_Macpherson
Amundi_ENG,KT91_1
Amundi_ENG,samir_el_houari
Amundi_ENG,GuillaumeVanCau
Amundi_ENG,crazydream6606
Amundi_ENG,FunctionRelo
Amundi_ENG,sradford22
Amundi_ENG,MJ32917
Amundi_ENG,Main_Value
Amundi_ENG,predictability3
Amundi_ENG,Marianors
Amundi_ENG,alyssa_leyba
Amundi_ENG,vivek19674
Amundi_ENG,Forex4News
Amundi_ENG,patryharry82
Amundi_ENG,raquelmonzonWWF
Amundi_ENG,MeetingsEvent
Amundi_ENG,SimTrade
Amundi_ENG,GenderFinance
Amundi_ENG,IFC_Investors
Amundi_ENG,BFB54139602
Amundi_ENG,geraldlindo
Amundi_ENG,Carpediemreport
Amundi_ENG,fxmac_forex
Amundi_ENG,Stance_Comm
Amundi_ENG,DunneTimC
Amundi_ENG,EBRD
Amundi_ENG,MalinaGont
Amundi_ENG,lmuinelo
Amundi_ENG,Spanish_Point
Amundi_ENG,TradomGlobal
Amundi_ENG,BFT_IM
Amundi_ENG,RJasenovec
Amundi_ENG,Joyce08540705
Amundi_ENG,mkamgaing
Amundi_ENG,ApoloniosTyane
Amundi_ENG,NikolaLalovic
Amundi_ENG,NgZhan88
Amundi_ENG,Scottemckenna
Amundi_ENG,wassigny
Amundi_ENG,yashrajsingh01
Amundi_ENG,Kosta53765470
Amundi_ENG,infinitovillag1
Amundi_ENG,ConstanceGeraud
Amundi_ENG,yahyas_sultan
Amundi_ENG,KevinClouzot
Amundi_ENG,mcradys
Amundi_ENG,yenfree
Amundi_ENG,almudenacanales
Amundi_ENG,pvandie
Amundi_ENG,Tim_AustinSmith
Amundi_ENG,l_altable
Amundi_ENG,chaudryazam
Amundi_ENG,Ndombisfamily
Amundi_ENG,M__ETI
Amundi_ENG,jbzeway
Amundi_ENG,lukeblacklee
Amundi_ENG,VoiceNotesLtd
Amundi_ENG,Fonder_Direkt
Amundi_ENG,francoincoronat
Amundi_ENG,afeltus
Amundi_ENG,Jlbeunardeau1
Amundi_ENG,alex_peychev
Amundi_ENG,melisamunozm
Amundi_ENG,wjcarque
Amundi_ENG,albertsyril
Amundi_ENG,Mnrajan1960
Amundi_ENG,sarritaa_
Amundi_ENG,v_vroulet
Amundi_ENG,VKreyndel
Amundi_ENG,M_Patla
Amundi_ENG,GPSTAtraining
Amundi_ENG,legend_kingis
Amundi_ENG,ruairi546
Amundi_ENG,henryoevans1
Amundi_ENG,EMApplications
Amundi_ENG,RomanRuGa
Amundi_ENG,BayotMarc
Amundi_ENG,BellucciDavid
Amundi_ENG,DubernetAdrien
Amundi_ENG,Incisive
Amundi_ENG,camerisy
Amundi_ENG,MajoranaEttore
Amundi_ENG,lemasolai
Amundi_ENG,IpemMarket
Amundi_ENG,linwingkate
Amundi_ENG,SchrodersBE
Amundi_ENG,dbiget
Amundi_ENG,SchrodersNL
Amundi_ENG,NandoConversa
Amundi_ENG,DonioFredhr
Amundi_ENG,vmatarranz
Amundi_ENG,matteosb
Amundi_ENG,AdrDelarue
Amundi_ENG,B2BGLOBALNET
Amundi_ENG,evlifunds
Amundi_ENG,Audrey_Raj
Amundi_ENG,ABarbaresi
Amundi_ENG,leggettcommerce
Amundi_ENG,nandha76
Amundi_ENG,SilvioMarchett2
Amundi_ENG,thala_khan
Amundi_ENG,jesuisharakiri
Amundi_ENG,SvenKlement
Amundi_ENG,BeaRanea
Amundi_ENG,CAnthonyCA
Amundi_ENG,fmiquetmarty
Amundi_ENG,steeldeck
Amundi_ENG,Timesinir
Amundi_ENG,ManuelRguez14
Amundi_ENG,MaureenDias
Amundi_ENG,yuvah_23
Amundi_ENG,financial_bp
Amundi_ENG,PietroFareseCF
Amundi_ENG,Jonasp14
Amundi_ENG,EquityImpactPar
Amundi_ENG,EIO_HR
Amundi_ENG,lordkelwriter
Amundi_ENG,PerusalGlobal
Amundi_ENG,ShezBates
Amundi_ENG,MDonosoArevalo
Amundi_ENG,stefa_pi
Amundi_ENG,DanilloDanilli
Amundi_ENG,Fenturi
Amundi_ENG,Lightoption
Amundi_ENG,Geoscape
Amundi_ENG,DCIIA_News
Amundi_ENG,bharadwajved
Amundi_ENG,RianaWu
Amundi_ENG,chalmers_alan
Amundi_ENG,PabloMonjar7
Amundi_ENG,AnastasiaMi228
Amundi_ENG,ThomasPilz
Amundi_ENG,PeterMadar
Amundi_ENG,Genkyotex_Off
Amundi_ENG,TomPatCat
Amundi_ENG,alcpicard
Amundi_ENG,VinayaDatar
Amundi_ENG,northernquant
Amundi_ENG,amolshitole9
Amundi_ENG,xenergynuclear
Amundi_ENG,meershah96
Amundi_ENG,davidbrenchley
Amundi_ENG,flammer_75
Amundi_ENG,hasha1_hasham
Amundi_ENG,jordanplatts
Amundi_ENG,KelYamina
Amundi_ENG,mc02170061_mc
Amundi_ENG,boucher30510374
Amundi_ENG,FRONT_PARIS
Amundi_ENG,JeanValas
Amundi_ENG,SmartTrade_GmbH
Amundi_ENG,michbogpippo
Amundi_ENG,altamiranoCAFF
Amundi_ENG,StrategicInsght
Amundi_ENG,csrpabloblanco
Amundi_ENG,rodmanboyd
Amundi_ENG,spi_financial
Amundi_ENG,Jordi_TR_LEI
Amundi_ENG,MobuICO
Amundi_ENG,berall
Amundi_ENG,Antonio01796631
Amundi_ENG,BraulioPareja
Amundi_ENG,Fofofons
Amundi_ENG,caulaurent
Amundi_ENG,CotoviciOlga
Amundi_ENG,cafe2580
Amundi_ENG,LaureSeguela
Amundi_ENG,Adra_acsi
Amundi_ENG,indioseye
Amundi_ENG,Fin_Side
Amundi_ENG,bkslearning
Amundi_ENG,PacificExcel
Amundi_ENG,CavazzoliG
Amundi_ENG,SalvoAccogli
Amundi_ENG,pioter70
Amundi_ENG,lenicois618
Amundi_ENG,incontenibile70
Amundi_ENG,elopiopio
Amundi_ENG,LeVillagebyCA
Amundi_ENG,dadoo_96
Amundi_ENG,deepblueseabird
Amundi_ENG,nmitax
Amundi_ENG,martinjlindh
Amundi_ENG,EnerSolutions
Amundi_ENG,MontyAlbertHall
Amundi_ENG,sanom17
Amundi_ENG,ernestoromeo57
Amundi_ENG,VuillinM
Amundi_ENG,CedrusPartners
Amundi_ENG,Europ_Investors
Amundi_ENG,pia_maik
Amundi_ENG,jlgasconymarin
Amundi_ENG,Silvio_Barletta
Amundi_ENG,ChanthanThip
Amundi_ENG,IamFayeAmanda
Amundi_ENG,Maggleees
Amundi_ENG,valuetradeblog
Amundi_ENG,marcnakh
Amundi_ENG,Suj9gee
Amundi_ENG,heigl_markus
Amundi_ENG,ddy83
Amundi_ENG,tombanykb
Amundi_ENG,erikamandraf
Amundi_ENG,pinkyypinkzz
Amundi_ENG,allisonjobbins
Amundi_ENG,piiinkpunk
Amundi_ENG,IHemangp
Amundi_ENG,laka2175
Amundi_ENG,VINCI_MAN
Amundi_ENG,leo_cis
Amundi_ENG,ElviUsai
Amundi_ENG,ornellaorlando2
Amundi_ENG,vatandasbilo90
Amundi_ENG,Edouardo34
Amundi_ENG,Gleqco
Amundi_ENG,elisabettaerzsi
Amundi_ENG,Lyxor
Amundi_ENG,hanuboss
Amundi_ENG,BarakaMalle
Amundi_ENG,Delmasl91
Amundi_ENG,SmithMartynD
Amundi_ENG,LucaFinicelli
Amundi_ENG,Amadeis1
Amundi_ENG,Anoushaa
Amundi_ENG,Jatalx
Amundi_ENG,dan1parker1
Amundi_ENG,RobertHardy123
Amundi_ENG,KhalilMusse
Amundi_ENG,ciarpa
Amundi_ENG,seminso7
Amundi_ENG,giambagiamba
Amundi_ENG,StevenLeeEY
Amundi_ENG,wesleybean
Amundi_ENG,Fx_maker
Amundi_ENG,MarcCatto
Amundi_ENG,Kiki_lores
Amundi_ENG,Simon_D555
Amundi_ENG,HinterlandXO
Amundi_ENG,zieseler
Amundi_ENG,ninife12
Amundi_ENG,GQuestioni
Amundi_ENG,ergooesterreich
Amundi_ENG,TuukkaMurotie
Amundi_ENG,taranvirkaonke
Amundi_ENG,AbrashMuthogo
Amundi_ENG,WehingerThomas
Amundi_ENG,JimikaGH
Amundi_ENG,StefyNini22
Amundi_ENG,speedfreak250
Amundi_ENG,dickgarritsen
Amundi_ENG,dherrb
Amundi_ENG,IsaKrupka
Amundi_ENG,Soyserautentico
Amundi_ENG,JeremieDalibot
Amundi_ENG,JulieEdde
Amundi_ENG,Luigide_vecchis
Amundi_ENG,Fondsnieuws
Amundi_ENG,gefinance1
Amundi_ENG,OrtecFinance
Amundi_ENG,CY0528
Amundi_ENG,m_faella
Amundi_ENG,angelomagda
Amundi_ENG,CRecoules
Amundi_ENG,elziad_finance
Amundi_ENG,Asset_Man_
Amundi_ENG,alice__ollivier
Amundi_ENG,Hari2101
Amundi_ENG,PRI_News
Amundi_ENG,leonedelia
Amundi_ENG,Cubaita
Amundi_ENG,gozolove123
Amundi_ENG,ukadiken
Amundi_ENG,Humaniq
Amundi_ENG,elliottc70
Amundi_ENG,unmisith
Amundi_ENG,allese71
Amundi_ENG,NilgnMhlehnerG
Amundi_ENG,VodFinanceTV
Amundi_ENG,giangale
Amundi_ENG,dhenleylock
Amundi_ENG,Hattb2
Amundi_ENG,cafproaix
Amundi_ENG,NTnalanTN
Amundi_ENG,TheClimateSvc
Amundi_ENG,MrCastoldi
Amundi_ENG,LegaySylvie
Amundi_ENG,JuliePellestor1
Amundi_ENG,NicJanvier
Amundi_ENG,EXTREMCARV
Amundi_ENG,ZaferCirpan
Amundi_ENG,Vicsoso1
Amundi_ENG,Manyne79
Amundi_ENG,RmiJerfel
Amundi_ENG,hayley_mcdowell
Amundi_ENG,jcerdansegura21
Amundi_ENG,Die4Fenerbahce
Amundi_ENG,stefanotonello
Amundi_ENG,Nosher2509
Amundi_ENG,Lucamosetti
Amundi_ENG,bdp_smith
Amundi_ENG,Dajoc
Amundi_ENG,Spainsif
Amundi_ENG,Chopot1Chopotte
Amundi_ENG,ArminFromVienna
Amundi_ENG,etf_stream
Amundi_ENG,markpalexander
Amundi_ENG,wealth_media
Amundi_ENG,SKS_Shanghai
Amundi_ENG,adrianz1920
Amundi_ENG,pesanana3535
Amundi_ENG,asiqbal
Amundi_ENG,Yasser_Almannai
Amundi_ENG,Arcangeli71
Amundi_ENG,CyrilMesquida
Amundi_ENG,DavideBacchiddu
Amundi_ENG,FScodeller
Amundi_ENG,SilvioBenincasa
Amundi_ENG,DP_Agostini
Amundi_ENG,JuliaReher
Amundi_ENG,zaar_khan
Amundi_ENG,EricBabulle
Amundi_ENG,esthergarachana
Amundi_ENG,Pasqing
Amundi_ENG,paqualino210419
Amundi_ENG,AndrewWozniak
Amundi_ENG,FrGodfathers
Amundi_ENG,ArendtMedernach
Amundi_ENG,victormaurin
Amundi_ENG,JohnFG1
Amundi_ENG,narenkondajji
Amundi_ENG,ALAOneLogic
Amundi_ENG,DavidOrdever
Amundi_ENG,BgitCarriere
Amundi_ENG,DJBirguil
Amundi_ENG,sabkre
Amundi_ENG,SM1Ace
Amundi_ENG,both_worlds
Amundi_ENG,tristanpc
Amundi_ENG,baklu
Amundi_ENG,sgnaravane
Amundi_ENG,Beyond_TheNorms
Amundi_ENG,RobertoMarchi66
Amundi_ENG,Hironimus126
Amundi_ENG,p3magrini
Amundi_ENG,lagcesarolo
Amundi_ENG,AttilaAttali
Amundi_ENG,carlomnc
Amundi_ENG,00atlas00
Amundi_ENG,mayaBP
Amundi_ENG,TomSermet
Amundi_ENG,James_A_London
Amundi_ENG,NovafiPortail
Amundi_ENG,vdm08
Amundi_ENG,agnesseverin
Amundi_ENG,Mr1bn
Amundi_ENG,andorin31
Amundi_ENG,signorini1980
Amundi_ENG,stubbinho
Amundi_ENG,mikiarm58
Amundi_ENG,stepanz70
Amundi_ENG,560erre
Amundi_ENG,marketbirdie
Amundi_ENG,TMOT_Price
Amundi_ENG,CedBrun
Amundi_ENG,BertilleGille
Amundi_ENG,NickHerbert15
Amundi_ENG,Gildas_ravelli
Amundi_ENG,brode732
Amundi_ENG,GaetanPierret
Amundi_ENG,mnisk1676
Amundi_ENG,Qdd3f
Amundi_ENG,BazimoApp
Amundi_ENG,tsr50
Amundi_ENG,VikasJigna
Amundi_ENG,SimPolProject
Amundi_ENG,fred_buisset
Amundi_ENG,goceantrust
Amundi_ENG,FranckJoselin
Amundi_ENG,Kumar6Roushan
Amundi_ENG,lonewolflair
Amundi_ENG,investor_iwata
Amundi_ENG,lauracasey001
Amundi_ENG,MaryLovingMe
Amundi_ENG,franckgu
Amundi_ENG,avescoAG
Amundi_ENG,sujpac
Amundi_ENG,VALTD_art
Amundi_ENG,CitywireFrance
Amundi_ENG,Vikrant99471524
Amundi_ENG,KarenKKwok
Amundi_ENG,temasgo
Amundi_ENG,danielakuespert
Amundi_ENG,daibalecarif
Amundi_ENG,PornphenChulee1
Amundi_ENG,wolfmcristina
Amundi_ENG,GroupVENDREDVD
Amundi_ENG,SlawomirSliwa
Amundi_ENG,maggie_gorman
Amundi_ENG,Zest86046956
Amundi_ENG,UllicoInc
Amundi_ENG,SzabDvi95446588
Amundi_ENG,RLO9572
Amundi_ENG,Shunil_RC
Amundi_ENG,bellresources
Amundi_ENG,yifuyingying
Amundi_ENG,RainbowInv
Amundi_ENG,MattPGarofalo
Amundi_ENG,CyberTime8
Amundi_ENG,samdarshnarang
Amundi_ENG,KimSagittarius7
Amundi_ENG,jmichelobringer
Amundi_ENG,tomaxbiz
Amundi_ENG,mnpetitinvest
Amundi_ENG,BoogerbumTG
Amundi_ENG,TaylorFrigon
Amundi_ENG,GulfportGifts
Amundi_ENG,mauredu
Amundi_ENG,hkpaulyang
Amundi_ENG,claritymindsbnk
Amundi_ENG,April_Haven
Amundi_ENG,michele_cuccaro
Amundi_ENG,maxcastex
Amundi_ENG,Alain_Eppler
Amundi_ENG,djpallen
Amundi_ENG,HussainTopu24
Amundi_ENG,sids_203
Amundi_ENG,EDHECMaster_GE
Amundi_ENG,SvenLorenz1971
Amundi_ENG,guillaumegouot
Amundi_ENG,rhp559
Amundi_ENG,AlessandroSanos
Amundi_ENG,Superolilele
Amundi_ENG,sragazzi80
Amundi_ENG,GSPLAW
Amundi_ENG,EricMBr
Amundi_ENG,olivier985
Amundi_ENG,Vasanthi_St
Amundi_ENG,Darth_Cody
Amundi_ENG,Alexandre_S001
Amundi_ENG,muilgmuila
Amundi_ENG,PatrickGambetti
Amundi_ENG,smithmeganc
Amundi_ENG,kristenivy862
Amundi_ENG,NecPluribusImpa
Amundi_ENG,CAPinside
Amundi_ENG,VenueWant
Amundi_ENG,micatraore
Amundi_ENG,giusful
Amundi_ENG,GjergjM
Amundi_ENG,FundsAxis
Amundi_ENG,FinElk
Amundi_ENG,PascaleCamiller
Amundi_ENG,QuentinBoasso
Amundi_ENG,Martine_Matton
Amundi_ENG,BoothamPensions
Amundi_ENG,maandriSou
Amundi_ENG,FilaliAdnane
Amundi_ENG,jpaaashadwkey2
Amundi_ENG,santiagogarci
Amundi_ENG,HearBigdata1
Amundi_ENG,OMGI
Amundi_ENG,mundaneanalysis
Amundi_ENG,asjipon
Amundi_ENG,beishiyanzhiyi
Amundi_ENG,mailvincrobert
Amundi_ENG,AshishK18
Amundi_ENG,mathildemechin
Amundi_ENG,MAT_CHAUVIN
Amundi_ENG,kderdmann
Amundi_ENG,RichardHeijkoop
Amundi_ENG,REALIAMREAL
Amundi_ENG,RiceBitcoin2022
Amundi_ENG,imagydUSpols
Amundi_ENG,mscynthia4real
Amundi_ENG,InfrastructPros
Amundi_ENG,aszintai
Amundi_ENG,PaoloCaminiti1
Amundi_ENG,EdsVoyages
Amundi_ENG,KedAdams7
Amundi_ENG,johnstonthomasg
Amundi_ENG,HarleyQ04574508
Amundi_ENG,rsedatanews
Amundi_ENG,Clemence_Gomis
Amundi_ENG,FundSeminar
Amundi_ENG,CognitoAMS
Amundi_ENG,thecycnical1
Amundi_ENG,jaazee1
Amundi_ENG,Infinityamber88
Amundi_ENG,ImaginarilyInc
Amundi_ENG,mudhara7
Amundi_ENG,_twistedrope
Amundi_ENG,SimianCapital
Amundi_ENG,wrightcapitale
Amundi_ENG,CKeoni86
Amundi_ENG,laurent_cezard
Amundi_ENG,DCBMEP
Amundi_ENG,InsideETFs
Amundi_ENG,A_Jimenez_Co
Amundi_ENG,FedericaMu1
Amundi_ENG,diyinvestornet
Amundi_ENG,GBAM_EU
Amundi_ENG,KartinaKim
Amundi_ENG,HamidAsseffar
Amundi_ENG,exklusivski
Amundi_ENG,Fernandakremer
Amundi_ENG,MaDrei_AG
Amundi_ENG,kana_koro
Amundi_ENG,RobertoZuccaro
Amundi_ENG,ArthurSharp20
Amundi_ENG,IRLondon
Amundi_ENG,CityWatchNet
Amundi_ENG,KenW28
Amundi_ENG,CraigMooreIre
Amundi_ENG,AndreaMiglio01
Amundi_ENG,RupertFuller
Amundi_ENG,calvinballer72
Amundi_ENG,atzangeles
Amundi_ENG,ste_fisher
Amundi_ENG,BuchaLis
Amundi_ENG,FrPaganelli
Amundi_ENG,moopenguin
Amundi_ENG,danny_touch
Amundi_ENG,paulseverin
Amundi_ENG,PIR_LANTA
Amundi_ENG,OTAHIROYUKI1
Amundi_ENG,MarianHaughney
Amundi_ENG,FilterGadget
Amundi_ENG,pmugalu
Amundi_ENG,FondsDISCOUNTde
Amundi_ENG,Baron90135704
Amundi_ENG,AlRyan86
Amundi_ENG,ksjinpinkprin92
Amundi_ENG,Shakezdaghetto
Amundi_ENG,tamarama08
Amundi_ENG,ka_mirza
Amundi_ENG,vvhofmann
Amundi_ENG,PFarrell2020
Amundi_ENG,GuivarchP
Amundi_ENG,rossewing7
Amundi_ENG,SimonFraser00
Amundi_ENG,_ChiragMehta
Amundi_ENG,harshkhara
Amundi_ENG,jassingh06
Amundi_ENG,IFMGlobal
Amundi_ENG,HogartyDavid
Amundi_ENG,KaiyomurzDaver
Amundi_ENG,RefiRockets
Amundi_ENG,amined
Amundi_ENG,isandeep_70
Amundi_ENG,kitjuckes
Amundi_ENG,CarrelDominique
Amundi_ENG,StrongVestETFs
Amundi_ENG,Dumontheil_Yann
Amundi_ENG,innocube_MPD
Amundi_ENG,Arindam1503
Amundi_ENG,langagecommun
Amundi_ENG,chris_bourgeois
Amundi_ENG,antti_huotari
Amundi_ENG,RCF6
Amundi_ENG,Doctor_Komu
Amundi_ENG,financespat
Amundi_ENG,bienvebec
Amundi_ENG,TViherkentta
Amundi_ENG,tiFfFfaNnnnnY
Amundi_ENG,andreli_lu
Amundi_ENG,jonaweiss
Amundi_ENG,BridgetMenyeh
Amundi_ENG,schellhor
Amundi_ENG,SLuciaHartmann
Amundi_ENG,elm4501
Amundi_ENG,Chaoer0101
Amundi_ENG,fkschnat
Amundi_ENG,boreas74
Amundi_ENG,cargocultist777
Amundi_ENG,silviadisilvio
Amundi_ENG,Batrouni
Amundi_ENG,diferionDFE
Amundi_ENG,LeouParis
Amundi_ENG,VChaikovskaya
Amundi_ENG,FranoisGenoves1
Amundi_ENG,MasashiNaruse
Amundi_ENG,Natikaetal
Amundi_ENG,pramod1806
Amundi_ENG,ivdraganov
Amundi_ENG,rick_falcione
Amundi_ENG,iamNavKrish
Amundi_ENG,gevicom
Amundi_ENG,AmundiPioneer
Amundi_ENG,_NVCA
Amundi_ENG,lmenesguen
Amundi_ENG,AmirLcasawii
Amundi_ENG,kmcgahan
Amundi_ENG,GXGOOODDD
Amundi_ENG,Mei20170101
Amundi_ENG,DurraUrra
Amundi_ENG,dalazzari
Amundi_ENG,stephtan0430
Amundi_ENG,mazmazen
Amundi_ENG,gfinnegan73
Amundi_ENG,ZokseZokse19989
Amundi_ENG,FalantinVincent
Amundi_ENG,CottonCrumble
Amundi_ENG,andreas_gall
Amundi_ENG,HaykAsatryan9
Amundi_ENG,AlicedeBazin
Amundi_ENG,AltingerLaura
Amundi_ENG,susanjmcmurry
Amundi_ENG,gourisdas
Amundi_ENG,Leaders_Peace
Amundi_ENG,MrSzekey
Amundi_ENG,RMcPake
Amundi_ENG,JesseJJWS
Amundi_ENG,RobertJBianchi
Amundi_ENG,jaimegabarda
Amundi_ENG,FinforTomorrow
Amundi_ENG,golgo0770
Amundi_ENG,jgbommel
Amundi_ENG,GolomtCustodian
Amundi_ENG,assoa
Amundi_ENG,BriceBlanyon
Amundi_ENG,JeromeAlmerge
Amundi_ENG,World_Wide_Gen
Amundi_ENG,ohhigashi
Amundi_ENG,qazokm741
Amundi_ENG,debukesayangan
Amundi_ENG,leonardo_live
Amundi_ENG,Gielsbrouwer
Amundi_ENG,jdsanchez0423
Amundi_ENG,aristelina
Amundi_ENG,GuilhemGabarrot
Amundi_ENG,NatCapFinance
Amundi_ENG,finbourne
Amundi_ENG,vanherrentalscy
Amundi_ENG,harrsch11
Amundi_ENG,DaniGamboa_JT
Amundi_ENG,Fraipe
Amundi_ENG,YerominV
Amundi_ENG,sdaziano
Amundi_ENG,p_strohm
Amundi_ENG,DanC_FSA
Amundi_ENG,HA_SIMO_01
Amundi_ENG,BKhodkaew
Amundi_ENG,Smart4_tech
Amundi_ENG,IvelinaStef
Amundi_ENG,paulbugala
Amundi_ENG,DRIMARTPARIS
Amundi_ENG,chabironb
Amundi_ENG,Mareschal0337
Amundi_ENG,Raquel_Blazq
Amundi_ENG,fldol
Amundi_ENG,fondlam
Amundi_ENG,Fidele_S
Amundi_ENG,MoumaneY
Amundi_ENG,CFAinstitute
Amundi_ENG,pichot44
Amundi_ENG,Juanma_Mier
Amundi_ENG,FernandoM1977
Amundi_ENG,gianfrancomanco
Amundi_ENG,Auroch_Minerals
Amundi_ENG,XeniaGestPrivee
Amundi_ENG,kostas94128129
Amundi_ENG,petitescoquines
Amundi_ENG,patriziasorren8
Amundi_ENG,carlo28011954
Amundi_ENG,Summit1971
Amundi_ENG,rla2017
Amundi_ENG,coe_1971
Amundi_ENG,plew_vanessa
Amundi_ENG,joris_lenssen
Amundi_ENG,WHEBsustainable
Amundi_ENG,steeven_long
Amundi_ENG,rw_rogerwilson
Amundi_ENG,dbad06
Amundi_ENG,petbranko
Amundi_ENG,TALEO_GROUP
Amundi_ENG,2301Lucca
Amundi_ENG,herrheinze
Amundi_ENG,tdaglaroglu
Amundi_ENG,HerbertRSim
Amundi_ENG,Brad18Brad18
Amundi_ENG,Virgiile
Amundi_ENG,i_amarsy
Amundi_ENG,kgodbole
Amundi_ENG,HorizonAm
Amundi_ENG,A3aansz
Amundi_ENG,LGCInvestments
Amundi_ENG,Quant_Insight
Amundi_ENG,PbasileBcg
Amundi_ENG,PKApension
Amundi_ENG,_Centrus
Amundi_ENG,brandicbrown88
Amundi_ENG,DannyboyAT
Amundi_ENG,JanSusanka
Amundi_ENG,myfund_be
Amundi_ENG,RonVerb
Amundi_ENG,MaxTrust1
Amundi_ENG,HighgateBill
Amundi_ENG,stijngysen
Amundi_ENG,BarthelemyRoux
Amundi_ENG,TBousmaha
Amundi_ENG,Linkoln_Asset
Amundi_ENG,latia_org
Amundi_ENG,ceciliasprieto
Amundi_ENG,ChambreNCGP
Amundi_ENG,Gestion_21
Amundi_ENG,DavidEnticknap
Amundi_ENG,tamarateddingrh
Amundi_ENG,StephanEckhardt
Amundi_ENG,michele_vovor
Amundi_ENG,Aurelie_Tweet
Amundi_ENG,edwalves
Amundi_ENG,Franck_Fugu
Amundi_ENG,thepriceofmoney
Amundi_ENG,Vandesmatt
Amundi_ENG,IPFA_
Amundi_ENG,tgragnolati
Amundi_ENG,g_mazzoni
Amundi_ENG,IDIA_CI
Amundi_ENG,VFIinc
Amundi_ENG,SM_Alfarajat
Amundi_ENG,hhgbbygvvh
Amundi_ENG,silviomarch
Amundi_ENG,JuaneSiemPre1
Amundi_ENG,n0therday
Amundi_ENG,jobrouter_en
Amundi_ENG,bakertimothy
Amundi_ENG,FowlerFox
Amundi_ENG,mslifesp200
Amundi_ENG,PetitclercV
Amundi_ENG,arnoneumann
Amundi_ENG,ChristophLukas
Amundi_ENG,MatosevicKatja
Amundi_ENG,Elen680818gmai1
Amundi_ENG,STreacy_ISR
Amundi_ENG,edaiskenderun
Amundi_ENG,Dswizzle78
Amundi_ENG,AbeilleDavid
Amundi_ENG,zemiramar
Amundi_ENG,danielmagallon
Amundi_ENG,timila_d
Amundi_ENG,pierosg01
Amundi_ENG,Fabrice_Gomez
Amundi_ENG,HelloTeamFr
Amundi_ENG,abhinavvr
Amundi_ENG,alexmu2101
Amundi_ENG,nicola_pellanda
Amundi_ENG,CAXXOR
Amundi_ENG,SummitH2O
Amundi_ENG,robillard_fra
Amundi_ENG,tengchan1
Amundi_ENG,noulellis
Amundi_ENG,Massena_Squad
Amundi_ENG,4lexGoldBob
Amundi_ENG,tolkamp_immo
Amundi_ENG,AlexMancu
Amundi_ENG,bestbankeu
Amundi_ENG,amp_SPARK
Amundi_ENG,M_Withoeck
Amundi_ENG,Hugues_AF
Amundi_ENG,AltCreditJon
Amundi_ENG,futureprospects
Amundi_ENG,visalemi27
Amundi_ENG,Equiti_Darem
Amundi_ENG,MjAlice2016
Amundi_ENG,AAlonsoRuiz
Amundi_ENG,CamilleDck
Amundi_ENG,bene_guill
Amundi_ENG,uk_morningstar
Amundi_ENG,EuropeanPension
Amundi_ENG,ridhi02
Amundi_ENG,finpixtv
Amundi_ENG,RimAlouini
Amundi_ENG,MondoInvestor
Amundi_ENG,mikeeberhardt
Amundi_ENG,Vcpresstartnow
Amundi_ENG,BlueTechR
Amundi_ENG,GomaTsubux
Amundi_ENG,emerbing
Amundi_ENG,CFGartner
Amundi_ENG,claudiabertino
Amundi_ENG,FramSearch
Amundi_ENG,HDCS007
Amundi_ENG,cathycat120
Amundi_ENG,CavalloSteo
Amundi_ENG,RodneyHoskinson
Amundi_ENG,BChorq
Amundi_ENG,AMitchell1608
Amundi_ENG,SarahNajid
Amundi_ENG,GestaltU
Amundi_ENG,bourcierisa1
Amundi_ENG,fr_tradingview
Amundi_ENG,CreditAgricole
Amundi_ENG,CombyCreditAgri
Amundi_ENG,SIMEST_IT
Amundi_ENG,stephlclarke
Amundi_ENG,DodsonAude
Amundi_ENG,OTCclearingAsia
Amundi_ENG,MBursatiles
Amundi_ENG,JoeRosengarten
Amundi_ENG,Oh_Snap_Me_Down
Amundi_ENG,foundationrec
Amundi_ENG,nhamerlain
Amundi_ENG,PietroCaliceti
Amundi_ENG,NGUYENNgocMin13
Amundi_ENG,PiotrRosik
Amundi_ENG,Lu_Mo_
Amundi_ENG,carlosmanjon
Amundi_ENG,psarmento
Amundi_ENG,huwsteenis
Amundi_ENG,GreenInvGroup
Amundi_ENG,krysss_85
Amundi_ENG,DiversityProj
Amundi_ENG,PARIENTEMarc
Amundi_ENG,NguyenNath
Amundi_ENG,MarianiFrancy71
Amundi_ENG,IvesHup
Amundi_ENG,marielulu
Amundi_ENG,RobertaAFortes
Amundi_ENG,ALFIfunds
Amundi_ENG,Bene_Weing
Amundi_ENG,PanaceaAdviser
Amundi_ENG,pbadstoeber
Amundi_ENG,Gastaldo9201
Amundi_ENG,VigeoEirisChile
Amundi_ENG,maximmaximus8
Amundi_ENG,rakshicapital99
Amundi_ENG,stockmarketz
Amundi_ENG,ROBGA01
Amundi_ENG,crossfit_muscul
Amundi_ENG,emihaarakoski
Amundi_ENG,polisint
Amundi_ENG,CALanguedoc
Amundi_ENG,hebdo_des_AG_fr
Amundi_ENG,fjacques0518
Amundi_ENG,AeriumGroup
Amundi_ENG,GaelM001
Amundi_ENG,domantas_r
Amundi_ENG,Dani_tweets
Amundi_ENG,Serje_sf
Amundi_ENG,liheng_eam
Amundi_ENG,Sofia010791
Amundi_ENG,Virginie_Fkt
Amundi_ENG,AnaCaussin
Amundi_ENG,PgBranding
Amundi_ENG,GhigoGuglielmi
Amundi_ENG,amaury_couplez
Amundi_ENG,IGCC_Update
Amundi_ENG,BFSEua
Amundi_ENG,terzima
Amundi_ENG,LauraFiorot
Amundi_ENG,fcadilhe
Amundi_ENG,keppytp21
Amundi_ENG,EC_WP
Amundi_ENG,KAvinash_reddy
Amundi_ENG,MikeNadeauIT
Amundi_ENG,DWPTreuhand
Amundi_ENG,Fabiennegautier
Amundi_ENG,jusgsjse3
Amundi_ENG,StampaFin
Amundi_ENG,pradipacs
Amundi_ENG,PlainAlexandra
Amundi_ENG,jach0707
Amundi_ENG,CapcoBean
Amundi_ENG,MisterComms
Amundi_ENG,Shane_BIM
Amundi_ENG,J_OKeefe
Amundi_ENG,FlyingKame
Amundi_ENG,FinanceISR
Amundi_ENG,KamilWoronin
Amundi_ENG,InvFound
Amundi_ENG,insurance_irl
Amundi_ENG,munozdormoy
Amundi_ENG,remifrank68
Amundi_ENG,Solaronworld
Amundi_ENG,JLo_Thiebaut
Amundi_ENG,iliana_lazarova
Amundi_ENG,MillazyG
Amundi_ENG,Emma_BIMAnalyst
Amundi_ENG,ChLemai
Amundi_ENG,RenewableKyle
Amundi_ENG,Giisummit
Amundi_ENG,lentourloupe88
Amundi_ENG,IntTradeToolkit
Amundi_ENG,rama2708
Amundi_ENG,camillefericher
Amundi_ENG,DHelpAssurance
Amundi_ENG,NESTinsider
Amundi_ENG,jeffskikun88
Amundi_ENG,vkdutt1
Amundi_ENG,ilanrose
Amundi_ENG,JakubSchwab
Amundi_ENG,AndreasVanPaeme
Amundi_ENG,CascaidCharity
Amundi_ENG,live_metrics
Amundi_ENG,FerVG_Pucela
Amundi_ENG,AndGevorgyan
Amundi_ENG,PierreChabbert
Amundi_ENG,vderasse
Amundi_ENG,BHdezRibes
Amundi_ENG,BeefEnt
Amundi_ENG,MaximilianKufer
Amundi_ENG,Eduardo_Lago1
Amundi_ENG,EnriqueG55
Amundi_ENG,tdorlet
Amundi_ENG,AdamSternberg1
Amundi_ENG,malikapastor
Amundi_ENG,baptiste_vince
Amundi_ENG,APutoto
Amundi_ENG,alf_wilkinson
Amundi_ENG,TabeaEggler
Amundi_ENG,Melanie_C
Amundi_ENG,CarKenDav
Amundi_ENG,piepud1
Amundi_ENG,dpcwiseman
Amundi_ENG,Finance_Monthly
Amundi_ENG,BouvierXavier
Amundi_ENG,SomanathVarma
Amundi_ENG,fabi_gold
Amundi_ENG,DyN_URU
Amundi_ENG,RisteardCasey
Amundi_ENG,SilveradoLabel
Amundi_ENG,fabiodigiansant
Amundi_ENG,alxdwn
Amundi_ENG,darok1983
Amundi_ENG,OakBarrel_Co
Amundi_ENG,wariyada
Amundi_ENG,RedEnri
Amundi_ENG,choostevo
Amundi_ENG,valerianbranco
Amundi_ENG,PSantu01
Amundi_ENG,TradeRivet
Amundi_ENG,AtomInvest1
Amundi_ENG,samaliouat
Amundi_ENG,ElodieBeignier
Amundi_ENG,EdgarSimmonsRE
Amundi_ENG,anders_tz
Amundi_ENG,creol74
Amundi_ENG,AdamMiquel
Amundi_ENG,LauraBohy
Amundi_ENG,BurntSleeves
Amundi_ENG,PazAXA
Amundi_ENG,AIsberie
Amundi_ENG,RBL2019
Amundi_ENG,DarnellConteh
Amundi_ENG,ToccoValeria
Amundi_ENG,Futuroafondo
Amundi_ENG,ThisIsAlgoMe
Amundi_ENG,DavidFres
Amundi_ENG,sol_ganbat
Amundi_ENG,Alex_Vanhee
Amundi_ENG,FinnTekkers
Amundi_ENG,stsh_kmr9
Amundi_ENG,esominka
Amundi_ENG,Gennarowise
Amundi_ENG,simolamo
Amundi_ENG,BZAwards
Amundi_ENG,Assassi84316671
Amundi_ENG,ProdigyNetwork
Amundi_ENG,Cecabank_es
Amundi_ENG,brunoca_oficial
Amundi_ENG,LionelGuerraz
Amundi_ENG,IvanZullo
Amundi_ENG,cfnewsimmoinfra
Amundi_ENG,CamSemantics
Amundi_ENG,richiegarry
Amundi_ENG,Raymondnajjar1
Amundi_ENG,Raouf92P_S
Amundi_ENG,CiceriFrancesca
Amundi_ENG,vignieri
Amundi_ENG,blex_mobi
Amundi_ENG,Ragurambe74
Amundi_ENG,stephanelubiarz
Amundi_ENG,CyberExecsLtd
Amundi_ENG,DirigentesDg
Amundi_ENG,MaCs11570
Amundi_ENG,guillermolealo2
Amundi_ENG,momiccio
Amundi_ENG,Abdeladimbakali
Amundi_ENG,KMCapMkts
Amundi_ENG,PatrickCDoherty
Amundi_ENG,DupoizatA
Amundi_ENG,roberto55t
Amundi_ENG,abraxasams
Amundi_ENG,juanipaiz
Amundi_ENG,John_Bernard_S
Amundi_ENG,AndreaSimbula
Amundi_ENG,happyjane888
Amundi_ENG,Zunaira_08
Amundi_ENG,Opinio_Pro
Amundi_ENG,thomas_blondel
Amundi_ENG,pydittlot
Amundi_ENG,sarahde45089360
Amundi_ENG,Mister_Markets
Amundi_ENG,DaniyalAfroz
Amundi_ENG,CraigSullivanFI
Amundi_ENG,QuillerySophie
Amundi_ENG,RRMGerritsen
Amundi_ENG,atony69
Amundi_ENG,davedacu71
Amundi_ENG,The_Sensitive_
Amundi_ENG,ForesightGroup
Amundi_ENG,rafahj81
Amundi_ENG,henrigoude
Amundi_ENG,Tallisconseil
Amundi_ENG,ClubFrance_Immo
Amundi_ENG,PierrePotier84
Amundi_ENG,tutukii
Amundi_ENG,JulienBieberJFK
Amundi_ENG,BluePointInvest
Amundi_ENG,Felovilan
Amundi_ENG,RoneM7
Amundi_ENG,ter_laag
Amundi_ENG,DanoKelso
Amundi_ENG,ymohamed3
Amundi_ENG,chantalgirier1
Amundi_ENG,alex_rukewe
Amundi_ENG,s_g_robe
Amundi_ENG,IsabelAmaro14
Amundi_ENG,rsacademy2
Amundi_ENG,nicolamaccagnan
Amundi_ENG,stefanodirusso1
Amundi_ENG,matjonnet
Amundi_ENG,Iotaltd
Amundi_ENG,Trading_Trial
Amundi_ENG,Save_Our_Katie
Amundi_ENG,PERIS_Patrick
Amundi_ENG,seanhaydon1
Amundi_ENG,APiB25
Amundi_ENG,ajmulligan1234
Amundi_ENG,zaeem_mir
Amundi_ENG,carafo2
Amundi_ENG,prefStudio
Amundi_ENG,HospiceRunner
Amundi_ENG,DavidJouarisse
Amundi_ENG,pav1904
Amundi_ENG,FhReynaud
Amundi_ENG,ajaypratap1105
Amundi_ENG,BoucardAnthony
Amundi_ENG,mhj1975
Amundi_ENG,spikara1
Amundi_ENG,BRIDF95
Amundi_ENG,mariesoph78
Amundi_ENG,DialogueCapital
Amundi_ENG,ICDPortal
Amundi_ENG,leboncoinforex
Amundi_ENG,mounir0504
Amundi_ENG,LouMarpea
Amundi_ENG,srbrandimarte
Amundi_ENG,AIWatt
Amundi_ENG,StrategyRenova1
Amundi_ENG,FuturisticHouse
Amundi_ENG,MaudKC
Amundi_ENG,elgoosloza
Amundi_ENG,fxpereira
Amundi_ENG,timite_bazo
Amundi_ENG,BordCliste
Amundi_ENG,Giov_Malfettone
Amundi_ENG,dillon6231
Amundi_ENG,misavi0
Amundi_ENG,spjschiller
Amundi_ENG,BertrandBruder
Amundi_ENG,sally_xsli
Amundi_ENG,gls120
Amundi_ENG,peterbosio
Amundi_ENG,BastienDrut
Amundi_ENG,Gilli_Londres
Amundi_ENG,decgra
Amundi_ENG,yfheow
Amundi_ENG,QuartierHorloge
Amundi_ENG,cifacyprus
Amundi_ENG,bfinance
Amundi_ENG,Jack_Mortensen
Amundi_ENG,Lexikon_pt
Amundi_ENG,carim_habib
Amundi_ENG,laurentcrosnier
Amundi_ENG,emeuvec
Amundi_ENG,sansonest
Amundi_ENG,G_Bronsart
Amundi_ENG,achimgippers
Amundi_ENG,Antonel86512752
Amundi_ENG,pchang_____
Amundi_ENG,petramittl
Amundi_ENG,matteogiam
Amundi_ENG,UniCredit_IT
Amundi_ENG,karol_bojnansky
Amundi_ENG,123dasher
Amundi_ENG,fabio_fabbian
Amundi_ENG,FanydeV
Amundi_ENG,DavMatG
Amundi_ENG,borgiaflorent
Amundi_ENG,lydiasc20226241
Amundi_ENG,PalomaresAna
Amundi_ENG,XISAUROX
Amundi_ENG,Sergio30355192
Amundi_ENG,stephanehenry64
Amundi_ENG,benjaminthe100
Amundi_ENG,CRDChirp
Amundi_ENG,de_lamarliere
Amundi_ENG,spank_man10
Amundi_ENG,drooms_software
Amundi_ENG,InverComunica
Amundi_ENG,dpignot
Amundi_ENG,sylviebourgoui2
Amundi_ENG,OmarMolato
Amundi_ENG,spencerpalmer11
Amundi_ENG,maavac
Amundi_ENG,SMcDTown
Amundi_ENG,gianp_dam
Amundi_ENG,marwinthisweek
Amundi_ENG,naburgess
Amundi_ENG,qwang209
Amundi_ENG,DavideCiotola
Amundi_ENG,aosaenzdetejada
Amundi_ENG,hamptonsfloors1
Amundi_ENG,fmorenocuevas
Amundi_ENG,Fbcarpenta
Amundi_ENG,emmacusdin
Amundi_ENG,IlCommPorro
Amundi_ENG,Vianden_EN
Amundi_ENG,Cho0ch10
Amundi_ENG,nejracehic
Amundi_ENG,MikeKlimes_MM
Amundi_ENG,IPEnews
Amundi_ENG,charlesdaulon
Amundi_ENG,icicosmeticbio
Amundi_ENG,alisonwilsonIFA
Amundi_ENG,omendus
Amundi_ENG,MaFiscalite
Amundi_ENG,SKSMedia_Tokyo
Amundi_ENG,UltimaBusiness
Amundi_ENG,Laurence18031
Amundi_ENG,AZINO
Amundi_ENG,ITessereau
Amundi_ENG,ViandenCapital
Amundi_ENG,engineer_consul
Amundi_ENG,FaisalMemon21
Amundi_ENG,denisabarcelona
Amundi_ENG,IgnacioAstorqui
Amundi_ENG,Julien7Bertrand
Amundi_ENG,MrFranciscoSG
Amundi_ENG,frazingoni
Amundi_ENG,A_Kitchings
Amundi_ENG,RCG_France
Amundi_ENG,pulpmarkets
Amundi_ENG,yolandatomico
Amundi_ENG,Lee4Janiya
Amundi_ENG,AdetolaAdenusi
Amundi_ENG,AlexBouthors
Amundi_ENG,JasonShuster24
Amundi_ENG,fcjaviergm461
Amundi_ENG,rcstanislav
Amundi_ENG,AzraelsGaming
Amundi_ENG,hardener_floor
Amundi_ENG,UkStripping
Amundi_ENG,CORDROYAL
Amundi_ENG,MendozaSD
Amundi_ENG,bhupenderonline
Amundi_ENG,Joekl1711
Amundi_ENG,Villano004
Amundi_ENG,MaryCampbell_au
Amundi_ENG,badala2164
Amundi_ENG,FulvioVespasi
Amundi_ENG,jrosdop
Amundi_ENG,Corbitts_Ltd
Amundi_ENG,0b9d95955a7845b
Amundi_ENG,MartaGiuliaDeL1
Amundi_ENG,hiroki_2016
Amundi_ENG,FantasticMesse
Amundi_ENG,IAME_2018
Amundi_ENG,ChinaSolera
Amundi_ENG,xingwang8148
Amundi_ENG,EQUITYIR
Amundi_ENG,ScottFarrer2
Amundi_ENG,franthewise
Amundi_ENG,ketilmedia
Amundi_ENG,PapaflessasK
Amundi_ENG,umbrellastartuk
Amundi_ENG,xnoevl
Amundi_ENG,omid1st
Amundi_ENG,fletch4863
Amundi_ENG,leeanda2006
Amundi_ENG,vchcoaching
Amundi_ENG,kevinpeyrotte
Amundi_ENG,davidcaille63
Amundi_ENG,PRFisher50
Amundi_ENG,BenjaminBallA
Amundi_ENG,ruthpichot
Amundi_ENG,mikehuston1
Amundi_ENG,Knowbox_Lists
Amundi_ENG,bharathraj_jain
Amundi_ENG,BBArmadillo
Amundi_ENG,ea0bd398653c411
Amundi_ENG,crmsaasguy
Amundi_ENG,Bethany2Harris
Amundi_ENG,alexandrappena
Amundi_ENG,CopleyFR
Amundi_ENG,Rankia
Amundi_ENG,fabiovbpassos
Amundi_ENG,LinearBcapital
Amundi_ENG,TDuvalleroy
Amundi_ENG,MSCI_Inc
Amundi_ENG,cherryFindcouk
Amundi_ENG,R_A_F_F_M
Amundi_ENG,dtulipano
Amundi_ENG,amele0807
Amundi_ENG,OrionGallery
Amundi_ENG,duponchel1990
Amundi_ENG,NNewolff
Amundi_ENG,RetirementG
Amundi_ENG,metimeme3
Amundi_ENG,pritchd12
Amundi_ENG,echelon_group
Amundi_ENG,my_family_offic
Amundi_ENG,Kobifeller
Amundi_ENG,cbattaglia_PI
Amundi_ENG,MBF_Assas
Amundi_ENG,FundFanatic
Amundi_ENG,Altura555
Amundi_ENG,brg_ju
Amundi_ENG,Abuls
Amundi_ENG,Naomclark
Amundi_ENG,fpicciaiola
Amundi_ENG,HooplotAssoc
Amundi_ENG,liz_asri
Amundi_ENG,PnLWatcher
Amundi_ENG,P_del_Inversor
Amundi_ENG,quotekio
Amundi_ENG,proplawinprac
Amundi_ENG,firoze57
Amundi_ENG,kirasmylie
Amundi_ENG,i3invest
Amundi_ENG,jacredd
Amundi_ENG,TomEckettIW
Amundi_ENG,JohanG972
Amundi_ENG,greenenergyital
Amundi_ENG,InvestmentWeek
Amundi_ENG,IBOSS_LTD
Amundi_ENG,albipizza1
Amundi_ENG,PIOTPATRICK
Amundi_ENG,vuolette9597
Amundi_ENG,Malktscot
Amundi_ENG,FOUTYDIOP
Amundi_ENG,INVERCOinfo
Amundi_ENG,ReneChen0825
Amundi_ENG,keenj0
Amundi_ENG,Aurelien_Biez
Amundi_ENG,CA_BriePicardie
Amundi_ENG,flopezvelayos
Amundi_ENG,RoosErwin
Amundi_ENG,kapnangHB
Amundi_ENG,lukekbillion
Amundi_ENG,KowstasN
Amundi_ENG,totval
Amundi_ENG,FABSIM67
Amundi_ENG,Milletolivier
Amundi_ENG,DinaJoory
Amundi_ENG,Giguz12
Amundi_ENG,bluelionrx
Amundi_ENG,
Amundi_ENG,
Amundi_ENG,
Amundi_ENG,
Amundi_ENG,290
Amundi_ENG,TRAD1972
Amundi_ENG,Inteliace
Amundi_ENG,Northo1Lawrence
Amundi_ENG,ActionsOPCVM
Amundi_ENG,Chateau_de_D417
Amundi_ENG,maartensnijd
Amundi_ENG,les77
Amundi_ENG,ProWindAlliance
Amundi_ENG,SigmaTau_
Amundi_ENG,apconseilimmo
Amundi_ENG,San_Dirickx
Amundi_ENG,tasciccac
Amundi_ENG,EmmanuelEmery
Amundi_ENG,RajatAhuja2
Amundi_ENG,bdomic
Amundi_ENG,TUBBYGAL
Amundi_ENG,PAH76
Amundi_ENG,HFM_Global
Amundi_ENG,NovexSolutions
Amundi_ENG,vishal_joyram
Amundi_ENG,robin_hocepied
Amundi_ENG,catoman999
Amundi_ENG,gaillparr
Amundi_ENG,Funds4REI
Amundi_ENG,MCollinsEU
Amundi_ENG,pooktanya
Amundi_ENG,FidBenchmarks
Amundi_ENG,shomishu
Amundi_ENG,Avatar061966
Amundi_ENG,fundplat_com
Amundi_ENG,FRProspektiv
Amundi_ENG,RyanGatt_
Amundi_ENG,Lauraros14Ros
Amundi_ENG,TaleoReporting
Amundi_ENG,ChisomoKaf
Amundi_ENG,Janewat10982405
Amundi_ENG,rbeegun
Amundi_ENG,ciaraleheny3
Amundi_ENG,NikittaMistry
Amundi_ENG,BAZZADAGEEZA
Amundi_ENG,BPMed
Amundi_ENG,NSE_EMEA
Amundi_ENG,DAVINCI3011
Amundi_ENG,GANONGO4
Amundi_ENG,tove0511
Amundi_ENG,myFolkes
Amundi_ENG,camyllejfx4
Amundi_ENG,enterprisegenes
Amundi_ENG,CapitalMARCO
Amundi_ENG,agenda__am
Amundi_ENG,SternPartenaire
Amundi_ENG,AviseAnalytics
Amundi_ENG,dan_romero_83
Amundi_ENG,DiscInvMgr
Amundi_ENG,BredaSu
Amundi_ENG,BLeague_fr
Amundi_ENG,Tweegy2014
Amundi_ENG,GUILLOSSOTSTEPH
Amundi_ENG,Miro_Gaudencio
Amundi_ENG,StatistaJon
Amundi_ENG,niquiebg1
Amundi_ENG,pierredebly
Amundi_ENG,FourthLineGRC
Amundi_ENG,EmilioTag
Amundi_ENG,CGLyon3
Amundi_ENG,nuagebfrance
Amundi_ENG,surfcom3
Amundi_ENG,greensoldier44
Amundi_ENG,violaine_bodou
Amundi_ENG,DestienneQ
Amundi_ENG,AGarnak
Amundi_ENG,faubourg78
Amundi_ENG,sayyedpropertis
Amundi_ENG,BroegaRui
Amundi_ENG,Lipper_Alpha
Amundi_ENG,eco_act
Amundi_ENG,zhivkozapryanov
Amundi_ENG,Nico_laaaa
Amundi_ENG,sidgoyal1
Amundi_ENG,Garlandgoeswest
Amundi_ENG,OrosDiakhate
Amundi_ENG,clarisse_toutee
Amundi_ENG,Tageuulelamoue1
Amundi_ENG,GOLDPALATTECARD
Amundi_ENG,PierreFaulat
Amundi_ENG,crowdfest2016
Amundi_ENG,GLOBA11454055
Amundi_ENG,neilcredit
Amundi_ENG,fortia_s
Amundi_ENG,Laurenman2
Amundi_ENG,ejbreaden
Amundi_ENG,pra_santu
Amundi_ENG,eflowglobal
Amundi_ENG,SarahGoddardins
Amundi_ENG,hubbisnews
Amundi_ENG,MiguelMonroig3
Amundi_ENG,BafMacro
Amundi_ENG,SateeshV
Amundi_ENG,i_DEALCORP_COM
Amundi_ENG,AlphaTrade1
Amundi_ENG,Tambaktis
Amundi_ENG,C_J_Cummings
Amundi_ENG,debate_green
Amundi_ENG,twonetwit
Amundi_ENG,Trend_Elements
Amundi_ENG,ma7moud
Amundi_ENG,Free_Henk
Amundi_ENG,beatriceboico
Amundi_ENG,LLaughtonScott
Amundi_ENG,InSnyder
Amundi_ENG,InsAssetManager
Amundi_ENG,waveydaisy
Amundi_ENG,PlanetBubble
Amundi_ENG,krakotravail
Amundi_ENG,CalastoneLtd
Amundi_ENG,ivanatmihk
Amundi_ENG,eguio8
Amundi_ENG,MichelleDiFabio
Amundi_ENG,PensionsWire
Amundi_ENG,Rsalwa4
Amundi_ENG,ArthurMennechet
Amundi_ENG,PropFundsWorld
Amundi_ENG,AgileNightmare
Amundi_ENG,Anatole68
Amundi_ENG,RadianGEN
Amundi_ENG,DXCImperial
Amundi_ENG,hushnowchild1
Amundi_ENG,ParisFinForum
Amundi_ENG,ketilfinance
Amundi_ENG,HedgeWeek
Amundi_ENG,pierregalitzine
Amundi_ENG,AFG_France
Amundi_ENG,andruald
Amundi_ENG,MaximumVenture
Amundi_ENG,mallowstreet
Amundi_ENG,rnekrasov7
Amundi_ENG,Silver_1234
Amundi_ENG,Bunit83
Amundi_ENG,roma_kornev
Amundi_ENG,soledadobrien
Amundi_ENG,NAKAYOSI5720
Amundi_ENG,mathildesimon10
Amundi_ENG,cmavides
Amundi_ENG,DahriehJoseph
Amundi_ENG,MilesAshworth
Amundi_ENG,dsameer
Amundi_ENG,mashpatel
Amundi_ENG,Lavivimero
Amundi_ENG,NeilDonnellyn
Amundi_ENG,JPTRADEonline
Amundi_ENG,HandKoody
Amundi_ENG,mg_capital
Amundi_ENG,pie_mag
Amundi_ENG,yifanli2
Amundi_ENG,StoneShot_IT
Amundi_ENG,reksadana
Amundi_ENG,GallardoLor
Amundi_ENG,FinancialRec
Amundi_ENG,CChaulot
Amundi_ENG,o_tca
Amundi_ENG,anjiezheng
Amundi_ENG,sonia_poussier
Amundi_ENG,cgmxcgmx
Amundi_ENG,RukunuzzamanRo2
Amundi_ENG,pex_event
Amundi_ENG,NoorDinTech
Amundi_ENG,Dogmatix18
Amundi_ENG,Samed_Hysa
Amundi_ENG,CelenteJason
Amundi_ENG,waterbebread42
Amundi_ENG,preinemann
Amundi_ENG,timwirth
Amundi_ENG,Ahorratufuturo
Amundi_ENG,MicheleEdoardoM
Amundi_ENG,Ecobank
Amundi_ENG,Honeycomb_Funds
Amundi_ENG,patrickntwite
Amundi_ENG,avnerankri
Amundi_ENG,Premaeus
Amundi_ENG,gelshenen
Amundi_ENG,sunilsgp
Amundi_ENG,LAPFInvestments
Amundi_ENG,BureauThomas
Amundi_ENG,BenedicteGodet
Amundi_ENG,DiceMcCairn
Amundi_ENG,silitety_wu
Amundi_ENG,weekhoon
Amundi_ENG,sanjitgb
Amundi_ENG,Sarah2CapFI
Amundi_ENG,EdenTreeIM
Amundi_ENG,Lorele1234
Amundi_ENG,Kate_Mistry
Amundi_ENG,Tom_e_Alexander
Amundi_ENG,LoveMello
Amundi_ENG,gooruf_it
Amundi_ENG,AML_group
Amundi_ENG,vladatm
Amundi_ENG,BaltisCapital
Amundi_ENG,WSJCity
Amundi_ENG,FabioGinex
Amundi_ENG,richwesgoodman
Amundi_ENG,michaelsilicz
Amundi_ENG,dandrewwerner
Amundi_ENG,vishal_biraia
Amundi_ENG,TourEiffel007
Amundi_ENG,ChPhGoodman
Amundi_ENG,jcmalassagne
Amundi_ENG,EuropeGRI
Amundi_ENG,estebaninv
Amundi_ENG,NickHenry_CA
Amundi_ENG,skumtilt
Amundi_ENG,EdouardRuffin
Amundi_ENG,DaoudIssam
Amundi_ENG,SimonMauffrey
Amundi_ENG,SuperfouineETF
Amundi_ENG,JorgeGroen
Amundi_ENG,kyliewong_
Amundi_ENG,HSBC
Amundi_ENG,pmichel04
Amundi_ENG,SoniaLieutier
Amundi_ENG,CarbonBubble
Amundi_ENG,serdarclg
Amundi_ENG,financechri
Amundi_ENG,TutianaJ
Amundi_ENG,k45h3m
Amundi_ENG,TTAETFTechnolog
Amundi_ENG,yogeshmrb
Amundi_ENG,ustreet555
Amundi_ENG,Conquest_AM
Amundi_ENG,jccotta2
Amundi_ENG,PH_8223
Amundi_ENG,KirstyPurv
Amundi_ENG,BlueWhaleInnova
Amundi_ENG,miguelpeixoto12
Amundi_ENG,suntzu_vf
Amundi_ENG,Euka_Liptus
Amundi_ENG,yanis_clt
Amundi_ENG,deborahlhyde
Amundi_ENG,FixedincomeGuru
Amundi_ENG,PHVIVIANT
Amundi_ENG,alhassan1ks
Amundi_ENG,Djellil_11
Amundi_ENG,Fsco_Palumbo
Amundi_ENG,Villo74
Amundi_ENG,QuantalysItalia
Amundi_ENG,phoeb_kal
Amundi_ENG,kamilaauguscik
Amundi_ENG,vatsvenk
Amundi_ENG,TFeregola
Amundi_ENG,BanorLtd
Amundi_ENG,mentormich
Amundi_ENG,f_ballati
Amundi_ENG,390Steven
Amundi_ENG,Caroczy
Amundi_ENG,pdstockholm
Amundi_ENG,Ichaseducks
Amundi_ENG,DooshizShop
Amundi_ENG,Ch_Blanchy
Amundi_ENG,Finaxium
Amundi_ENG,ChrisDesmaison
Amundi_ENG,DondeInvierto
Amundi_ENG,offpiste88
Amundi_ENG,Laurent_Careme
Amundi_ENG,DGarrigues
Amundi_ENG,shukla_palash
Amundi_ENG,qestevez
Amundi_ENG,cristinamoreta
Amundi_ENG,Climate_Action_
Amundi_ENG,BoSyXIV
Amundi_ENG,myherbal24tweet
Amundi_ENG,joflint1990
Amundi_ENG,lecofi1
Amundi_ENG,toninp
Amundi_ENG,CassiW4
Amundi_ENG,NotesDiligence
Amundi_ENG,kaiserassoc
Amundi_ENG,Centaurasset
Amundi_ENG,jacob_lo
Amundi_ENG,michaelcomeara
Amundi_ENG,fcrepeau11
Amundi_ENG,LAlghisi
Amundi_ENG,FundsSociety
Amundi_ENG,timentiming
Amundi_ENG,Vandana_Trivedi
Amundi_ENG,walktogetherNow
Amundi_ENG,SabrinaSDLR
Amundi_ENG,PensionsEurope
Amundi_ENG,nestpensions
Amundi_ENG,PanaPao13
Amundi_ENG,sundaylemonade
Amundi_ENG,RobertoLisart
Amundi_ENG,EverythingMooda
Amundi_ENG,Delincuensias
Amundi_ENG,IanWBone
Amundi_ENG,acidrancidity
Amundi_ENG,andrew_oxlade
Amundi_ENG,thomasblard
Amundi_ENG,ajaylakhani9
Amundi_ENG,GuillaumeVanAel
Amundi_ENG,FPTodayNews
Amundi_ENG,TheoDutheil
Amundi_ENG,MattiaBattistel
Amundi_ENG,analystabhishek
Amundi_ENG,Ibatrawy
Amundi_ENG,Nieck
Amundi_ENG,leanturnaround
Amundi_ENG,villegas_alicia
Amundi_ENG,rnaitconsulting
Amundi_ENG,btthus
Amundi_ENG,PhillyBrasco
Amundi_ENG,xzalag561
Amundi_ENG,LeilaDudreuilh
Amundi_ENG,kimpgoodall
Amundi_ENG,EscuneVillaOdon
Amundi_ENG,PERIAL
Amundi_ENG,GestionPress
Amundi_ENG,aapmltd
Amundi_ENG,allbest_ib
Amundi_ENG,amoderninvestor
Amundi_ENG,KBPRtweets
Amundi_ENG,hoyolove0510
Amundi_ENG,beezyduke
Amundi_ENG,The_Asset_Club
Amundi_ENG,valueinvestech
Amundi_ENG,AcadiaSoft_
Amundi_ENG,PIP_Financial
Amundi_ENG,MCiuzelis
Amundi_ENG,haiiten
Amundi_ENG,elisetichat
Amundi_ENG,CamiloooGz
Amundi_ENG,Epicesmixtes
Amundi_ENG,lilit_manvelyan
Amundi_ENG,DenesHatzi
Amundi_ENG,m_dziarmaga
Amundi_ENG,TRDRtv
Amundi_ENG,VioletBaronMMI
Amundi_ENG,twobirdsemplaw
Amundi_ENG,Gabhor01
Amundi_ENG,AMittelhockamp
Amundi_ENG,framchessco
Amundi_ENG,AgencePremiere
Amundi_ENG,Carbone4
Amundi_ENG,Steph030312281
Amundi_ENG,laurentlaforge
Amundi_ENG,hiny0723
Amundi_ENG,psimpsonmorgan
Amundi_ENG,Networksch
Amundi_ENG,robertjgardner
Amundi_ENG,deweverj
Amundi_ENG,ArantzaRubio3
Amundi_ENG,Jgmiera
Amundi_ENG,felix_rr78
Amundi_ENG,LAddicted
Amundi_ENG,lferruz
Amundi_ENG,BNPPAM_COM
Amundi_ENG,cdm1950
Amundi_ENG,yukinari230
Amundi_ENG,Dhn_s
Amundi_ENG,bourseslocales
Amundi_ENG,gthiolon
Amundi_ENG,emfelicite
Amundi_ENG,pepecasgod
Amundi_ENG,MacroEco
Amundi_ENG,IlyaSLazarev
Amundi_ENG,daanballegeer
Amundi_ENG,jameswhyte63
Amundi_ENG,Pensioenupdate
Amundi_ENG,djhan1960
Amundi_ENG,KG7RP
Amundi_ENG,MPNAdeBoer
Amundi_ENG,OBaraton
Amundi_ENG,JAPPEPE
Amundi_ENG,fundaintegrar
Amundi_ENG,ManuTHETALL
Amundi_ENG,CapitalDuc
Amundi_ENG,anucha2
Amundi_ENG,fermoga1
Amundi_ENG,CopiaDigital
Amundi_ENG,Stampivity
Amundi_ENG,EuroBizMedia
Amundi_ENG,bill_trendov
Amundi_ENG,aszkuln
Amundi_ENG,AztecaCip
Amundi_ENG,MoussaMbodji
Amundi_ENG,EfpaItalia
Amundi_ENG,gaadvancement
Amundi_ENG,ebstoermer
Amundi_ENG,tptourgolf
Amundi_ENG,Constance_BH
Amundi_ENG,campanamaurizio
Amundi_ENG,BenLeconteC
Amundi_ENG,brenda123lee
Amundi_ENG,creditboostman
Amundi_ENG,Pechel_PE
Amundi_ENG,hindp3
Amundi_ENG,HNAOpendeFrance
Amundi_ENG,ino2009
Amundi_ENG,dpdjwhejs
Amundi_ENG,jittyjeep
Amundi_ENG,ADEASOrange
Amundi_ENG,bobotang
Amundi_ENG,GILLESGUEZ1
Amundi_ENG,yannick_duport
Amundi_ENG,lwsamson
Amundi_ENG,Dubious_Meerkat
Amundi_ENG,miikixoxo
Amundi_ENG,Mahdi_Yazdan
Amundi_ENG,macrocredit
Amundi_ENG,bertgreup
Amundi_ENG,eddeejay
Amundi_ENG,dasilvazinedine
Amundi_ENG,spiderfrom
Amundi_ENG,RulesForGrowth
Amundi_ENG,SandroConverso
Amundi_ENG,cdezabala
Amundi_ENG,ACaraveteanu
Amundi_ENG,InfoMundoNow
Amundi_ENG,HUEstParisien
Amundi_ENG,PierreLaborie
Amundi_ENG,D2O2ES
Amundi_ENG,GlobaMercados
Amundi_ENG,colin_lhc
Amundi_ENG,patpatcsp
Amundi_ENG,LuxorInvestment
Amundi_ENG,spanest
Amundi_ENG,sakji_55
Amundi_ENG,ertwedtzh5436
Amundi_ENG,Soonthornchote
Amundi_ENG,rogeriopomorais
Amundi_ENG,Marc_Alexandre_
Amundi_ENG,vasgeo310
Amundi_ENG,rolandograndi
Amundi_ENG,FrontieraEff
Amundi_ENG,martinezjr
Amundi_ENG,werner_hirschi
Amundi_ENG,topomarh
Amundi_ENG,roegild
Amundi_ENG,maxtobasics
Amundi_ENG,gfcrawford
Amundi_ENG,FM_MBmagazine
Amundi_ENG,NicolasPerard
Amundi_ENG,GregoryN_amdg
Amundi_ENG,JagielskiCarine
Amundi_ENG,jjbarberis
Amundi_ENG,salesioannou
Amundi_ENG,bondholder123
Amundi_ENG,NijmeijerJohan
Amundi_ENG,Prevedere
Amundi_ENG,elgood222
Amundi_ENG,bilal_majbour
Amundi_ENG,panoulla
Amundi_ENG,ShareActionUK
Amundi_ENG,Lina_Konsta
Amundi_ENG,itsatraaap
Amundi_ENG,balmollanes
Amundi_ENG,sidreriapuerto
Amundi_ENG,FascianoSandro
Amundi_ENG,raflegeau
Amundi_ENG,thefang98
Amundi_ENG,StepWR
Amundi_ENG,ArabiaMonitor
Amundi_ENG,ca_sutton
Amundi_ENG,JonnyB_
Amundi_ENG,natkit245
Amundi_ENG,unique_rai123
Amundi_ENG,_blah2014
Amundi_ENG,rakthampha
Amundi_ENG,VincentDeluard
Amundi_ENG,Dan_Martinez1
Amundi_ENG,Rupert_MMC
Amundi_ENG,ginesoliver
Amundi_ENG,BoonthamRajit
Amundi_ENG,quallisy
Amundi_ENG,ilyrakos1
Amundi_ENG,mehmetkorkmazx
Amundi_ENG,GWBrands
Amundi_ENG,pulguispulguito
Amundi_ENG,hasenourlv
Amundi_ENG,SaraDxxx
Amundi_ENG,EllenFannyMart1
Amundi_ENG,jackregu
Amundi_ENG,Arrelic_
Amundi_ENG,FORT_TW
Amundi_ENG,frousseau_mg
Amundi_ENG,parmenidis87
Amundi_ENG,grandunrv
Amundi_ENG,c_nayral
Amundi_ENG,HoonDaiSeng
Amundi_ENG,PShahTalim
Amundi_ENG,IAST1
Amundi_ENG,TSEinfo
Amundi_ENG,Beebee_Honey
Amundi_ENG,sugar_dad1
Amundi_ENG,N3DFrance
Amundi_ENG,nicepartner_net
Amundi_ENG,SimCorpFrance
Amundi_ENG,iimag
Amundi_ENG,list_investment
Amundi_ENG,BureauPaul
Amundi_ENG,cavic_mihajlo
Amundi_ENG,Marcopolo_fr
Amundi_ENG,audegab2015
Amundi_ENG,vincent_quiniou
Amundi_ENG,jcthaler
Amundi_ENG,ThibautGruner
Amundi_ENG,askelenatravel
Amundi_ENG,MalikaPageot
Amundi_ENG,ChristelSchaff
Amundi_ENG,WinResource
Amundi_ENG,ben1407
Amundi_ENG,SPAGartner
Amundi_ENG,jennElbz
Amundi_ENG,lnparfait
Amundi_ENG,davidfowler1982
Amundi_ENG,TargetoPL
Amundi_ENG,yvespoulin3
Amundi_ENG,OPTIMIAL
Amundi_ENG,PWalhain
Amundi_ENG,Bobsguidedotcom
Amundi_ENG,leopold_jou
Amundi_ENG,MolinesPaul
Amundi_ENG,DIAMANscf
Amundi_ENG,inTuneShaun
Amundi_ENG,1Arabpress
Amundi_ENG,LudovicDAZIN
Amundi_ENG,jaspreet8448
Amundi_ENG,Adakot
Amundi_ENG,MATETEBISSACarm
Amundi_ENG,investwriter
Amundi_ENG,treasurytoday
Amundi_ENG,PiouVictor
Amundi_ENG,adsonboardfr
Amundi_ENG,FINANCIALSHOPEE
Amundi_ENG,damienverot
Amundi_ENG,HariTweetU
Amundi_ENG,IRN_ESG
Amundi_ENG,crossbordercap
Amundi_ENG,HowieShawki
Amundi_ENG,STEENTJE5
Amundi_ENG,EQ_Corp
Amundi_ENG,salonerisparmio
Amundi_ENG,traduzchiara
Amundi_ENG,Giga02284897
Amundi_ENG,Wealthgate_RIA
Amundi_ENG,ftassart
Amundi_ENG,bannastre
Amundi_ENG,psishipping
Amundi_ENG,ntalberto
Amundi_ENG,Calandra8D
Amundi_ENG,TassosFotiou
Amundi_ENG,f_mouligneau
Amundi_ENG,isabelsabadi
Amundi_ENG,RattiEmanuele
Amundi_ENG,BAI_Info
Amundi_ENG,jonathanboyd
Amundi_ENG,HVST
Amundi_ENG,GestionPasiva
Amundi_ENG,ARFI_news
Amundi_ENG,thollers_msci
Amundi_ENG,phoquecorre
Amundi_ENG,SI_TU_SAV
Amundi_ENG,Wise_society
Amundi_ENG,Lionel_B_24
Amundi_ENG,EzraPenland
Amundi_ENG,CasualtyActuary
Amundi_ENG,EnnemiImpots1
Amundi_ENG,vanishapatel8
Amundi_ENG,MayenkarSiddesh
Amundi_ENG,pkschultz8
Amundi_ENG,mallet_dufour
Amundi_ENG,atlasgabriel
Amundi_ENG,b330fr
Amundi_ENG,bank_yourself
Amundi_ENG,GNorich
Amundi_ENG,Isauro03207499
Amundi_ENG,Mahissim
Amundi_ENG,Rossella_brown
Amundi_ENG,gnclse
Amundi_ENG,camilledeabreu
Amundi_ENG,AmayaRosalyn
Amundi_ENG,Mperezcruzado
Amundi_ENG,j_malaise
Amundi_ENG,ReferenceData
Amundi_ENG,sarahthorp
Amundi_ENG,BrianDigney
Amundi_ENG,Bump56561
Amundi_ENG,artonlena
Amundi_ENG,SimeyRobb
Amundi_ENG,BulletToothViny
Amundi_ENG,roseandwhite
Amundi_ENG,Impact_Summit
Amundi_ENG,Conexim_IE
Amundi_ENG,vic_thompson
Amundi_ENG,CryptocoinAPI
Amundi_ENG,innesbarnard1
Amundi_ENG,WiebkeBartz
Amundi_ENG,MatteoGiaca87
Amundi_ENG,chrcollet
Amundi_ENG,pabx06
Amundi_ENG,AhorroCapital
Amundi_ENG,antoniolsierra
Amundi_ENG,fusionATCM
Amundi_ENG,AdvisorMilano
Amundi_ENG,ASuvi27
Amundi_ENG,dawsonpopster
Amundi_ENG,aymin_dr
Amundi_ENG,alphahunter007
Amundi_ENG,Koreanfluent
Amundi_ENG,CFNEWStweet
Amundi_ENG,Credit_tho
Amundi_ENG,stoptrack
Amundi_ENG,BenjaminLabb1
Amundi_ENG,Clementine_Mtn
Amundi_ENG,B_T_America
Amundi_ENG,CarlosAlosete
Amundi_ENG,APLLDN
Amundi_ENG,Job_e_Trading
Amundi_ENG,MahoneyGPS
Amundi_ENG,RosaMarygon
Amundi_ENG,JoaquinCabezudo
Amundi_ENG,annamarghe
Amundi_ENG,VLS_CONSULTiNG
Amundi_ENG,intugroup
Amundi_ENG,pierfrancesco_b
Amundi_ENG,NaomiHorner
Amundi_ENG,KBaccam
Amundi_ENG,Alberto_DAvenia
Amundi_ENG,PablodelBarrioQ
Amundi_ENG,CathLutfalla
Amundi_ENG,anamcd
Amundi_ENG,CFASocietyVBAnl
Amundi_ENG,BipinBasnet8
Amundi_ENG,finscoms
Amundi_ENG,AustinAndrew_FA
Amundi_ENG,PhVantrimpont
Amundi_ENG,cjkindt
Amundi_ENG,DIMACentral
Amundi_ENG,sciclunac
Amundi_ENG,Sonoetta
Amundi_ENG,MikeCoopers
Amundi_ENG,WM_FOA_PB_ATEAM
Amundi_ENG,antonioooo19
Amundi_ENG,FrankGitro
Amundi_ENG,energyandmines
Amundi_ENG,TheCityHive
Amundi_ENG,Preqin
Amundi_ENG,cmusgreavesptl
Amundi_ENG,s_magdeleine
Amundi_ENG,LugaroVamos
Amundi_ENG,ChicagoClearing
Amundi_ENG,Abadie_XTB
Amundi_ENG,gwild0307
Amundi_ENG,ojciecK
Amundi_ENG,andreadeugeni
Amundi_ENG,c12345g12345
Amundi_ENG,InvForum
Amundi_ENG,byrachelle
Amundi_ENG,NvVarly
Amundi_ENG,PensioniWelfare
Amundi_ENG,CostaSchleef
Amundi_ENG,JuanLu_
Amundi_ENG,fondiesicav
Amundi_ENG,ALMActuary
Amundi_ENG,luludimitrov
Amundi_ENG,elisasimonetti_
Amundi_ENG,johannab_san
Amundi_ENG,PropSolsUK
Amundi_ENG,Farhi99
Amundi_ENG,Salgueslathiere
Amundi_ENG,dlg7777
Amundi_ENG,JanetPearch1
Amundi_ENG,TBarbaut
Amundi_ENG,vforestier
Amundi_ENG,RouxCapital
Amundi_ENG,IngridBaerts
Amundi_ENG,PierreGiuglaris
Amundi_ENG,tweeting_trader
Amundi_ENG,IIGCCnews
Amundi_ENG,amit_paprika
Amundi_ENG,matheo1606
Amundi_ENG,murphyukuk
Amundi_ENG,Spinazzeo
Amundi_ENG,PhBonnaire
Amundi_ENG,MesserFS
Amundi_ENG,Chris_Whittall
Amundi_ENG,WESPConsulting
Amundi_ENG,babyjojomama
Amundi_ENG,BrunoGenereux
Amundi_ENG,gregdumesnil
Amundi_ENG,ThuillierEric
Amundi_ENG,thobiasss
Amundi_ENG,JpVanlaere
Amundi_ENG,abbasameli
Amundi_ENG,MichelFREZEFOND
Amundi_ENG,cerezosusana27
Amundi_ENG,_LaurentC_
Amundi_ENG,pepin_laura
Amundi_ENG,stoxx
Amundi_ENG,carl_bonde
Amundi_ENG,LukVBeirendonck
Amundi_ENG,NiccoBigalli
Amundi_ENG,AymericRuby
Amundi_ENG,mathar010
Amundi_ENG,ATNIndex
Amundi_ENG,marcobarbuti
Amundi_ENG,HectorMercadier
Amundi_ENG,CharlesBB2016
Amundi_ENG,MikaG1
Amundi_ENG,GianfrancoVacca
Amundi_ENG,jrsesq90
Amundi_ENG,nicocaier
Amundi_ENG,kokorin_andrew
Amundi_ENG,saretta85ge
Amundi_ENG,minibonditaly
Amundi_ENG,yosebaandoni100
Amundi_ENG,francisnikolai
Amundi_ENG,paristaipei93
Amundi_ENG,stockhunter8
Amundi_ENG,RDavies_RI
Amundi_ENG,Anne_LiseW
Amundi_ENG,vectenatha
Amundi_ENG,ACanard1
Amundi_ENG,nab5700
Amundi_ENG,SchusterSFDC
Amundi_ENG,Massnagrard
Amundi_ENG,alaingorius
Amundi_ENG,StagiaireAIM
Amundi_ENG,andrecastelnau
Amundi_ENG,Mounya_Sa
Amundi_ENG,CaliriPasquale
Amundi_ENG,josecascajero
Amundi_ENG,sandeepnaharia
Amundi_ENG,Vulcanomics
Amundi_ENG,Cruel_Melody94
Amundi_ENG,RINALDI_Pierre
Amundi_ENG,ajhayek
Amundi_ENG,arnaudeddy1
Amundi_ENG,E_Ros1978
Amundi_ENG,GillMorrison11
Amundi_ENG,CAPDIASSUR
Amundi_ENG,MarinaBalula
Amundi_ENG,aleixms
Amundi_ENG,nunocovas80
Amundi_ENG,zexosexoan
Amundi_ENG,ExtelSurvey
Amundi_ENG,CavalierJP
Amundi_ENG,danielrzasa
Amundi_ENG,TomAndolini
Amundi_ENG,landreasson1
Amundi_ENG,Anthony_Gabbay
Amundi_ENG,glenzers
Amundi_ENG,amandine13002
Amundi_ENG,nkismail
Amundi_ENG,ogour
Amundi_ENG,Cicuendez_Bolsa
Amundi_ENG,JadMcFarlane
Amundi_ENG,AimeeGlobal
Amundi_ENG,ClimateWorks
Amundi_ENG,gregpierre07
Amundi_ENG,EigenmannDaniel
Amundi_ENG,ArnaudCostes94
Amundi_ENG,KostasNoul
Amundi_ENG,DavidEzerzer
Amundi_ENG,NomadLodges
Amundi_ENG,IFGnetwork
Amundi_ENG,TradeTech
Amundi_ENG,NeilDabasia
Amundi_ENG,LisaYCWang
Amundi_ENG,JFolcque
Amundi_ENG,nohistory1905
Amundi_ENG,azertyti
Amundi_ENG,PGuillierme
Amundi_ENG,EtoileProperty
Amundi_ENG,pdelienne
Amundi_ENG,DolfinHQ
Amundi_ENG,besendorferrobi
Amundi_ENG,Bobbi_tmarket
Amundi_ENG,Th_Krieg
Amundi_ENG,mohcdb
Amundi_ENG,dburgoszarazo
Amundi_ENG,5425walker
Amundi_ENG,san_shilimkar
Amundi_ENG,Arlingclose
Amundi_ENG,majorosgy
Amundi_ENG,BravePolamin
Amundi_ENG,jk_coleman72
Amundi_ENG,RevHui
Amundi_ENG,amitk73
Amundi_ENG,RCretinon
Amundi_ENG,nuno_orfao
Amundi_ENG,JustoJuanma
Amundi_ENG,1stOSMAN
Amundi_ENG,geraldlondon7
Amundi_ENG,CarolQui1
Amundi_ENG,rctweets16
Amundi_ENG,kardara_maria
Amundi_ENG,RobinAnn13
Amundi_ENG,TegwenLB
Amundi_ENG,Alex_Bernhardt
Amundi_ENG,resnick_caltech
Amundi_ENG,SteveAbernethy
Amundi_ENG,fademonkeyman
Amundi_ENG,Kevin_Warner1
Amundi_ENG,RafKuijpers
Amundi_ENG,MohamedOumer
Amundi_ENG,lucabranson
Amundi_ENG,Awaishaikh
Amundi_ENG,PolYnveStory
Amundi_ENG,belindapham
Amundi_ENG,SC_Bourse
Amundi_ENG,alvizwealth
Amundi_ENG,supercarss
Amundi_ENG,roberttowongo
Amundi_ENG,mapifrosufoo
Amundi_ENG,liberlibertas
Amundi_ENG,advlpd
Amundi_ENG,a_glain
Amundi_ENG,CarlosRamirezF
Amundi_ENG,1JeanEric
Amundi_ENG,ChandosComms
Amundi_ENG,ElwinvRooijen
Amundi_ENG,RenovoLuke
Amundi_ENG,RolfLonnqvist
Amundi_ENG,Dzmitry09
Amundi_ENG,Makondeh
Amundi_ENG,CarbideCapital
Amundi_ENG,MondoAlternativ
Amundi_ENG,SPSConferences
Amundi_ENG,HHibu
Amundi_ENG,totdav1982
Amundi_ENG,floflo2flo
Amundi_ENG,Yankee05100
Amundi_ENG,serena_boni
Amundi_ENG,MengPhi
Amundi_ENG,Interfima
Amundi_ENG,Luciano_DiPaola
Amundi_ENG,CARMENT69177659
Amundi_ENG,og773
Amundi_ENG,FundscapeUK
Amundi_ENG,LennySusau
Amundi_ENG,Namprgh
Amundi_ENG,ArFebvre
Amundi_ENG,atulkurisinkal
Amundi_ENG,NicoladeZaluski
Amundi_ENG,Paviet3
Amundi_ENG,vialletbrihat
Amundi_ENG,ami19N
Amundi_ENG,willdawber
Amundi_ENG,jeromerader
Amundi_ENG,JohK26
Amundi_ENG,Uqsur
Amundi_ENG,EarthRateESG
Amundi_ENG,antoine0laporte
Amundi_ENG,zbconsulting1
Amundi_ENG,MarchalLaurence
Amundi_ENG,OliverChristie
Amundi_ENG,SGGestion
Amundi_ENG,LucianoBot
Amundi_ENG,ISSMAG
Amundi_ENG,damasoni
Amundi_ENG,poulijea
Amundi_ENG,JoshuaJThurston
Amundi_ENG,Eriler
Amundi_ENG,MissionFld
Amundi_ENG,TachabountA
Amundi_ENG,RaviRaoMusic
Amundi_ENG,FSIFiscal
Amundi_ENG,Networkingdomer
Amundi_ENG,itcworldwide_es
Amundi_ENG,SaraTavagnacco
Amundi_ENG,mag_klr
Amundi_ENG,rodhnr
Amundi_ENG,AssetDynamics
Amundi_ENG,cristinafossat2
Amundi_ENG,YaelMuscat
Amundi_ENG,Jacopomus
Amundi_ENG,OlivierMoizan
Amundi_ENG,M_Bruyninckx
Amundi_ENG,l3oom
Amundi_ENG,PaulCook_ABG
Amundi_ENG,ariffatehi
Amundi_ENG,214d103ffe4c454
Amundi_ENG,n_mcloughlin
Amundi_ENG,LanternForum
Amundi_ENG,HadesHadron
Amundi_ENG,AgefiEvenements
Amundi_ENG,janoscarvergote
Amundi_ENG,bendagoon
Amundi_ENG,nneophytou10
Amundi_ENG,aenglese
Amundi_ENG,rsrchx
Amundi_ENG,AudreyGaillard
Amundi_ENG,FuhrmannD
Amundi_ENG,MacroStrategist
Amundi_ENG,LuisVerdaro
Amundi_ENG,Laughmorebetter
Amundi_ENG,pronoybanerji
Amundi_ENG,EntreprisesPaca
Amundi_ENG,InvestCloud
Amundi_ENG,Reneehlg
Amundi_ENG,k180678
Amundi_ENG,FeeDBacK88
Amundi_ENG,OrientaCapital
Amundi_ENG,connextconsult
Amundi_ENG,SmartEnergyGirl
Amundi_ENG,ViktorNossek01
Amundi_ENG,InvestEuropeEU
Amundi_ENG,Bdifferent_Ltd
Amundi_ENG,fvonfischer
Amundi_ENG,reutersMikeD
Amundi_ENG,EugenioVicariFP
Amundi_ENG,NickJSamuels
Amundi_ENG,gigifavati
Amundi_ENG,RVSMonteCarlo
Amundi_ENG,AurelieFouquet_
Amundi_ENG,zerodrawbacks
Amundi_ENG,ANVinsurance
Amundi_ENG,ricky_massin
Amundi_ENG,SquareMileLDN
Amundi_ENG,EC3Legal
Amundi_ENG,JefPerret
Amundi_ENG,WAdviserNews
Amundi_ENG,ETFExpress
Amundi_ENG,AlphaQGFM
Amundi_ENG,tiwmarek
Amundi_ENG,artemisbm
Amundi_ENG,RoAbk
Amundi_ENG,Raf_fael92
Amundi_ENG,FinanceWebinars
Amundi_ENG,FoCom2c
Amundi_ENG,mpfromageot
Amundi_ENG,MCRe15
Amundi_ENG,Pricing_power
Amundi_ENG,MontanaroAM
Amundi_ENG,kem5969
Amundi_ENG,derSchalt
Amundi_ENG,gidivi_
Amundi_ENG,Ramy_Hoyek
Amundi_ENG,BerneauJuliette
Amundi_ENG,GoProXtreme
Amundi_ENG,tremblay_frenet
Amundi_ENG,biziouras
Amundi_ENG,AIRWorldwide
Amundi_ENG,APGSCSMS
Amundi_ENG,dzikimissud
Amundi_ENG,ScientificBeta
Amundi_ENG,alexdep74
Amundi_ENG,lr552
Amundi_ENG,agnaranjo74
Amundi_ENG,InsuranceTechIT
Amundi_ENG,MartaMizak
Amundi_ENG,cp0024
Amundi_ENG,CurationCorp
Amundi_ENG,PBaldauff
Amundi_ENG,njquin
Amundi_ENG,JonJMiller23
Amundi_ENG,MiquelColet
Amundi_ENG,gwcltd
Amundi_ENG,john_amoasi
Amundi_ENG,WoestynBruno
Amundi_ENG,saliscendiinv
Amundi_ENG,ETFs_kaufen
Amundi_ENG,amdounix
Amundi_ENG,seandlynch
Amundi_ENG,vafaahmadiqajar
Amundi_ENG,LubomirHanusik
Amundi_ENG,_KATX_
Amundi_ENG,kmikroulis
Amundi_ENG,aliah_amil
Amundi_ENG,dossierfamilial
Amundi_ENG,vtaapken
Amundi_ENG,MauriceGahun
Amundi_ENG,kannaju1
Amundi_ENG,MrcLemonnier
Amundi_ENG,HollandFinTech
Amundi_ENG,kollmatt
Amundi_ENG,legallm
Amundi_ENG,excelfunds
Amundi_ENG,seanbuttersOPFS
Amundi_ENG,europerep
Amundi_ENG,NORTHTREES
Amundi_ENG,AMCT92
Amundi_ENG,tasosvos
Amundi_ENG,mendonri
Amundi_ENG,DvpAlex
Amundi_ENG,SternPE
Amundi_ENG,Breakdncrd
Amundi_ENG,AthollSimpson
Amundi_ENG,JasonESumner
Amundi_ENG,David_BoBe
Amundi_ENG,cerulli_assoc
Amundi_ENG,RSasaki_CFA
Amundi_ENG,ambakhshi
Amundi_ENG,rdebock79
Amundi_ENG,MartaCiriza
Amundi_ENG,josemfund
Amundi_ENG,chpacini
Amundi_ENG,HensMatthias
Amundi_ENG,BorrasJordi
Amundi_ENG,Catring7
Amundi_ENG,investmentimoPT
Amundi_ENG,Andrea_05G
Amundi_ENG,SmartStream_STP
Amundi_ENG,MarijnSwinters
Amundi_ENG,FrancoisBocque2
Amundi_ENG,petarjohnson
Amundi_ENG,pe_acc
Amundi_ENG,ETFs
Amundi_ENG,m_catucci
Amundi_ENG,DesjardinsCecil
Amundi_ENG,ALFA2K512
Amundi_ENG,JeanJacDRESSY
Amundi_ENG,Decker_Co
Amundi_ENG,TravillianGroup
Amundi_ENG,Boscher75
Amundi_ENG,ChrisChavagneux
Amundi_ENG,TFusade
Amundi_ENG,JuliaBrumelot
Amundi_ENG,MaitlandPR
Amundi_ENG,Ethical_Screen
Amundi_ENG,27Maes
Amundi_ENG,Pdmini
Amundi_ENG,SamNusseyRTRS
Amundi_ENG,AntovAv4
Amundi_ENG,Simon_Dessis
Amundi_ENG,Sciplesloper
Amundi_ENG,tracy88889
Amundi_ENG,prettysnail
Amundi_ENG,RLAM_UK
Amundi_ENG,tofollowfe
Amundi_ENG,TariniAurora
Amundi_ENG,FundsEurope
Amundi_ENG,GAMinsights
Amundi_ENG,schokolla
Amundi_ENG,911671
Amundi_ENG,Vi_Garnier
Amundi_ENG,lpsuissegroup
Amundi_ENG,jmlhiguera
Amundi_ENG,PG_Printing
Amundi_ENG,GroupAccord
Amundi_ENG,fondsenanalyse
Amundi_ENG,onielfadev
Amundi_ENG,Donnacha007
Amundi_ENG,FredrikEli456
Amundi_ENG,PunkChameleon
Amundi_ENG,BLPSERVICE
Amundi_ENG,jeanachille1
Amundi_ENG,espritcasa
Amundi_ENG,DupouyJf
Amundi_ENG,deborahfuhr
Amundi_ENG,raheem_20
Amundi_ENG,MesPlacements
Amundi_ENG,tiftikemre
Amundi_ENG,Maxime68913064
Amundi_ENG,jlkeeney
Amundi_ENG,ramachgramach
Amundi_ENG,FeesAndYou
Amundi_ENG,isra_hervias
Amundi_ENG,AgecifCama
Amundi_ENG,DEAsset
Amundi_ENG,madarme
Amundi_ENG,javiermrcd
Amundi_ENG,1985shizuka
Amundi_ENG,15VeilleStrat
Amundi_ENG,Joe_Trading
Amundi_ENG,AJLLANO
Amundi_ENG,RoslinaAhmad
Amundi_ENG,michal_melc
Amundi_ENG,C11997
Amundi_ENG,Vibeka
Amundi_ENG,RyutoT0126
Amundi_ENG,FSezeni08
Amundi_ENG,GggggYohyoh
Amundi_ENG,karina_mobula
Amundi_ENG,binswaid
Amundi_ENG,Oryade_Invest
Amundi_ENG,kentesa
Amundi_ENG,n45712
Amundi_ENG,ticha_vieira
Amundi_ENG,YingGuo1
Amundi_ENG,jhslr92
Amundi_ENG,AngelosRamaliou
Amundi_ENG,binch2382
Amundi_ENG,loretoalejand17
Amundi_ENG,stespezzati
Amundi_ENG,JaneJack2524
Amundi_ENG,nrkhirati
Amundi_ENG,ajiemahhh
Amundi_ENG,kamolthip_t
Amundi_ENG,BoopFlores
Amundi_ENG,chrysafinisd
Amundi_ENG,Eximius__Group
Amundi_ENG,alethealoo
Amundi_ENG,monserratvm
Amundi_ENG,HytonenPerttu
Amundi_ENG,horanmybaeee
Amundi_ENG,MCastillo2507
Amundi_ENG,elsaaguado1
Amundi_ENG,ASTimes_
Amundi_ENG,followthemind
Amundi_ENG,manuellezama
Amundi_ENG,pierre_duriez
Amundi_ENG,finixyoo
Amundi_ENG,Saad2919
Amundi_ENG,CasucciMatteo
Amundi_ENG,XavierGolczyk
Amundi_ENG,FAJE78
Amundi_ENG,scottmc48442062
Amundi_ENG,FonsecaCcf
Amundi_ENG,Perwetamo
Amundi_ENG,DVRSFYoBonds
Amundi_ENG,daiiisymerollin
Amundi_ENG,katie_martin_fx
Amundi_ENG,TIBA_London
Amundi_ENG,BERNARD425
Amundi_ENG,Firebirdie73
Amundi_ENG,kussainov
Amundi_ENG,sohei_okuno
Amundi_ENG,stappersjos
Amundi_ENG,Filipapinto2000
Amundi_ENG,dragon_sea_17
Amundi_ENG,LaureClosier
Amundi_ENG,pariscfou
Amundi_ENG,tk_wally
Amundi_ENG,mgilosp
Amundi_ENG,una92_cute
Amundi_ENG,MiniNongpeet
Amundi_ENG,azrennanananana
Amundi_ENG,Syafnori
Amundi_ENG,ccomendant
Amundi_ENG,Unrespectperson
Amundi_ENG,nufloyd
Amundi_ENG,azmanarshad391
Amundi_ENG,shin1977jp
Amundi_ENG,mikitaiyang
Amundi_ENG,RoseGooner
Amundi_ENG,chajato2
Amundi_ENG,PortalKritis
Amundi_ENG,DonguriMymt
Amundi_ENG,faiqah_eka96
Amundi_ENG,agavoune
Amundi_ENG,Donchanok
Amundi_ENG,fendiscoQQ
Amundi_ENG,MaraIsabelBenav
Amundi_ENG,umayaqeel
Amundi_ENG,hktt37
Amundi_ENG,ddickyyyy
Amundi_ENG,marcelovillag
Amundi_ENG,sabryeffe
Amundi_ENG,FilipeGarcia
Amundi_ENG,EagleEyeView
Amundi_ENG,jkandylis1
Amundi_ENG,ChachoRicardo
Amundi_ENG,Sunset_Girl
Amundi_ENG,Timeisfinance
Amundi_ENG,EarthBeforeGod
Amundi_ENG,Poonam_Angelee
Amundi_ENG,TibianBahari
Amundi_ENG,DestorFrederic
Amundi_ENG,Vaqis
Amundi_ENG,OscarCosker
Amundi_ENG,fareedaasf
Amundi_ENG,Adam_Knudsen
Amundi_ENG,Alexander_Sha1
Amundi_ENG,AppzBay
Amundi_ENG,yoselincortess1
Amundi_ENG,bogorska
Amundi_ENG,M_Aaldering
Amundi_ENG,FabriGuidoni
Amundi_ENG,katharine_ross
Amundi_ENG,HMireso
Amundi_ENG,skalliagras
Amundi_ENG,GauravTandon
Amundi_ENG,yoshimasa_satoh
Amundi_ENG,A_I_G_O_R_
Amundi_ENG,OctoFinances
Amundi_ENG,Glockers_83
Amundi_ENG,alabonty11
Amundi_ENG,suarez_camille
Amundi_ENG,YannMYA
Amundi_ENG,CleanTrillion
Amundi_ENG,VideoBourse_fr
Amundi_ENG,wsaphir
Amundi_ENG,uhanthu
Amundi_ENG,Nanotech_
Amundi_ENG,RhysTJones
Amundi_ENG,LuisAPunto
Amundi_ENG,AMiT_HAPSE
Amundi_ENG,LATIA_UK
Amundi_ENG,Nippe_Silfver
Amundi_ENG,PLacroix_
Amundi_ENG,karimjellaba
Amundi_ENG,LiddleJason
Amundi_ENG,MijnKapitaal
Amundi_ENG,substantiveSM
Amundi_ENG,KimMaeseele
Amundi_ENG,CarstenEdge
Amundi_ENG,pspicher_amos
Amundi_ENG,seba100776
Amundi_ENG,chriscui813
Amundi_ENG,JsButtress
Amundi_ENG,jaginaga
Amundi_ENG,JehannoSylvie
Amundi_ENG,JtteF
Amundi_ENG,romain_simonin
Amundi_ENG,kovar_robert
Amundi_ENG,SolangeOmaha
Amundi_ENG,jenlsisson
Amundi_ENG,JacekWierzbicki
Amundi_ENG,BlackCentaurGPW
Amundi_ENG,algol99
Amundi_ENG,louisjoffroy
Amundi_ENG,andreacomi
Amundi_ENG,WibFit
Amundi_ENG,DRWATSON18
Amundi_ENG,iBanquePrivee
Amundi_ENG,audedodson
Amundi_ENG,cathyhc
Amundi_ENG,Algoexe
Amundi_ENG,eaudesarah
Amundi_ENG,RIAANews
Amundi_ENG,EmmBLD
Amundi_ENG,alemouzy
Amundi_ENG,ImpactBanker
Amundi_ENG,FloydBanker
Amundi_ENG,olisurveyor
Amundi_ENG,magnumstb
Amundi_ENG,dennismiracle
Amundi_ENG,ary_grim
Amundi_ENG,ManonTriniac
Amundi_ENG,YadavPowers
Amundi_ENG,seguroambiental
Amundi_ENG,mailprosala
Amundi_ENG,borjagmr
Amundi_ENG,pmgprofinance
Amundi_ENG,AWTimes
Amundi_ENG,ETF_Securities
Amundi_ENG,ipsoran
Amundi_ENG,adede_alex
Amundi_ENG,MeredithBrownAB
Amundi_ENG,Citywire_Italia
Amundi_ENG,Callum_Thomas
Amundi_ENG,MatGENTIL92
Amundi_ENG,GianluigiRaimon
Amundi_ENG,Rubendre95
Amundi_ENG,gaffinosim
Amundi_ENG,fr6lee
Amundi_ENG,8X_Zp
Amundi_ENG,financeketeers
Amundi_ENG,BlackSwanCR
Amundi_ENG,EM_Intelligence
Amundi_ENG,teponcenob
Amundi_ENG,khandiza
Amundi_ENG,BeA_translator
Amundi_ENG,MoneyMateGroup
Amundi_ENG,toal26
Amundi_ENG,Fra77671342
Amundi_ENG,pvanmaldegem
Amundi_ENG,F1Paddocktalk
Amundi_ENG,PhilippeLorent
Amundi_ENG,RaviTripathi4
Amundi_ENG,CA_Toulouse31
Amundi_ENG,m4ri4n21
Amundi_ENG,rossbrannigan
Amundi_ENG,RitixOn
Amundi_ENG,boulbax91
Amundi_ENG,alphametry
Amundi_ENG,MacLeod28
Amundi_ENG,DSnejdar
Amundi_ENG,cracray2009
Amundi_ENG,violantik
Amundi_ENG,SmetsRuben
Amundi_ENG,CYousni
Amundi_ENG,poupey77290
Amundi_ENG,IsabelleMDC
Amundi_ENG,Chongsky22
Amundi_ENG,AnriNishimura
Amundi_ENG,lovenote098
Amundi_ENG,gluka72
Amundi_ENG,GiuliaSchiro
Amundi_ENG,e269866e878d4ce
Amundi_ENG,xaledmhamad7
Amundi_ENG,luigiceroneb
Amundi_ENG,bpg35
Amundi_ENG,vikiperez123445
Amundi_ENG,ntibaruhije1
Amundi_ENG,TFormation_2018
Amundi_ENG,olivierdebeugny
Amundi_ENG,ens_rapid
Amundi_ENG,stratalip
Amundi_ENG,bhvergnhes
Amundi_ENG,joakimVivas
Amundi_ENG,Roger_rar
Amundi_ENG,bisaga
Amundi_ENG,MichaelNagels
Amundi_ENG,AsiaRisk
Amundi_ENG,AlbyRavandoni
Amundi_ENG,HFMevents
Amundi_ENG,FundBuyerFocus
Amundi_ENG,advocacy_4
Amundi_ENG,ICOexchange
Amundi_ENG,evilardel
Amundi_ENG,antoinehidreau
Amundi_ENG,TESIOcaroline
Amundi_ENG,Amplegest
Amundi_ENG,piaberger7
Amundi_ENG,Julien_Abriola
Amundi_ENG,MonClary
Amundi_ENG,AsianInvestor
Amundi_ENG,winstdelen
Amundi_ENG,Expert_Investor
Amundi_ENG,ben_huart
Amundi_ENG,HoferPierre
Amundi_ENG,APClimited
Amundi_ENG,SmartFocusFRA
Amundi_ENG,UnderLuffy
Amundi_ENG,joscha0903
Amundi_ENG,hadukentrades
Amundi_ENG,SunCapPartners
Amundi_ENG,genecarriou
Amundi_ENG,joyeatscupcakes
Amundi_ENG,FE_Global
Amundi_ENG,4asset
Amundi_ENG,paulguadagnin
Amundi_ENG,HugoSelgas
Amundi_ENG,wclutters
Amundi_ENG,ETF_Tactician
Amundi_ENG,Mozi_Jack
Amundi_ENG,gsuprise
Amundi_ENG,GayCollins
Amundi_ENG,NexusTaxation
Amundi_ENG,etftrack
Amundi_ENG,FuntNottle
Amundi_ENG,JeanRault
Amundi_ENG,macire_m
Amundi_ENG,Cameron_McVean
Amundi_ENG,maraldi_andrea
Amundi_ENG,FactbookCompany
Amundi_ENG,GargoyleBlack
Amundi_ENG,RendezVousRun
Amundi_ENG,TridionTrader
Amundi_ENG,investormag
Amundi_ENG,JonBending
Amundi_ENG,trevorphunt
Amundi_ENG,IntAdviser
Amundi_ENG,bigtweeter77
Amundi_ENG,AmySimmons013
Amundi_ENG,UTAlban
Amundi_ENG,VennemanPeter
Amundi_ENG,GlascowTraining
Amundi_ENG,NigelBroadridge
Amundi_ENG,yvonnehynes2
Amundi_ENG,PhilippMikes
Amundi_ENG,CaffeineLimited
Amundi_ENG,69dubstep
Amundi_ENG,meridienintl
Amundi_ENG,MarkusAndalon
Amundi_ENG,jarvinen_jari
Amundi_ENG,RicValee
Amundi_ENG,GLINHOLD
Amundi_ENG,4minutemiuzki
Amundi_ENG,francoisrouhban
Amundi_ENG,caroline_tilly
Amundi_ENG,rmoennasing
Amundi_ENG,CrosInvesting
Amundi_ENG,IIR_Finance
Amundi_ENG,BinderStephan
Amundi_ENG,bmurphypointman
Amundi_ENG,JUMPinnov
Amundi_ENG,ametlesautres
Amundi_ENG,antonioannunz20
Amundi_ENG,investoreuro
Amundi_ENG,Dimi_trip
Amundi_ENG,NuBills
Amundi_ENG,khalifa5777
Amundi_ENG,CelebGalore
Amundi_ENG,DBWAmarketing
Amundi_ENG,LordLouis3
Amundi_ENG,verified
Amundi_ENG,mike143713
Amundi_ENG,ELaugel
Amundi_ENG,alienorlondon
Amundi_ENG,nomusankala
Amundi_ENG,Piachdi
Amundi_ENG,cantilolil
Amundi_ENG,humilitytweets
Amundi_ENG,aamaralconsult
Amundi_ENG,RougierAlex
Amundi_ENG,lamwanyisandra
Amundi_ENG,SimonBara
Amundi_ENG,RedbridgeDTA
Amundi_ENG,PaulAndrieu
Amundi_ENG,PortfAdviser
Amundi_ENG,analizy_pl
Amundi_ENG,Vrosalie
Amundi_ENG,extrafunds
Amundi_ENG,TocqChallenge
Amundi_ENG,littlefootco
Amundi_ENG,jtlongandco
Amundi_ENG,issam_daoud
Amundi_ENG,marcellobreschi
Amundi_ENG,michelanid
Amundi_ENG,EDHECRisk
Amundi_ENG,lord_numerus
Amundi_ENG,Mrey19
Amundi_ENG,gravaziol
Amundi_ENG,emmaeholden
Amundi_ENG,LdnManc
Amundi_ENG,TifferDean
Amundi_ENG,betavalue
Amundi_ENG,PlamenaPanova
Amundi_ENG,OliverSuess
Amundi_ENG,Crintar75
Amundi_ENG,cordouan73
Amundi_ENG,garciabea
Amundi_ENG,JennyLai72
Amundi_ENG,rickyvionna
Amundi_ENG,PiardVlad
Amundi_ENG,MartinKlotz9
Amundi_ENG,Serramagno
Amundi_ENG,yupei_poon
Amundi_ENG,asya_kames
Amundi_ENG,FundsPeople_it
Amundi_ENG,FriedBe3140
Amundi_ENG,finanzprodukt
Amundi_ENG,MagCurnier
Amundi_ENG,StavPhis
Amundi_ENG,ClaudiaZRH
Amundi_ENG,pidioiscariota
Amundi_ENG,JamieLeeBT
Amundi_ENG,Financial_Lee79
Amundi_ENG,PriyankLakhia
Amundi_ENG,Market_360_
Amundi_ENG,florentinadiacu
Amundi_ENG,TatianaRios
Amundi_ENG,GuilMaillot
Amundi_ENG,Enterpr33164232
Amundi_ENG,PepeMtnez
Amundi_ENG,AchilleAH
Amundi_ENG,ChJeguAOF
Amundi_ENG,VCamerer
Amundi_ENG,TheophileAngelo
Amundi_ENG,CA_CIB_EN
Amundi_ENG,wealthsec
Amundi_ENG,Mackenziefp
Amundi_ENG,GillenOarbe
Amundi_ENG,macrotool
Amundi_ENG,StefLaszlo
Amundi_ENG,UditG_ucla
Amundi_ENG,risingjayyoon
Amundi_ENG,ALONZEAU972
Amundi_ENG,FlorentBerthat
Amundi_ENG,MikhailHHH
Amundi_ENG,bonsaud
Amundi_ENG,madelinml
Amundi_ENG,centraljw
Amundi_ENG,EtweCorporation
Amundi_ENG,DickyT_STIIndo
Amundi_ENG,MikaSuti
Amundi_ENG,cvmtwt
Amundi_ENG,Bond_Guru
Amundi_ENG,AnneBarrachin
Amundi_ENG,EnergyPolitics
Amundi_ENG,Bkmil
Amundi_ENG,NeilStacyMurphy
Amundi_ENG,YRouph
Amundi_ENG,swamishu
Amundi_ENG,zineb_moamah
Amundi_ENG,TrackInsightETF
Amundi_ENG,dombarry_fr
Amundi_ENG,JoeKlimcak
Amundi_ENG,WilshireAssoc
Amundi_ENG,finanzcosta
Amundi_ENG,AuroreHaas
Amundi_ENG,Jason_Defaqto
Amundi_ENG,privatebanking_
Amundi_ENG,AlexandreSchott
Amundi_ENG,LuisBenguerel
Amundi_ENG,EonTomoaki
Amundi_ENG,andreashollatz
Amundi_ENG,tw_vin
Amundi_ENG,waffentv
Amundi_ENG,alex_mendel
Amundi_ENG,FR1DG3N1NJ4
Amundi_ENG,CarlitHotel
Amundi_ENG,ben_murray90
Amundi_ENG,jeannothomb
Amundi_ENG,NicoPFrance1
Amundi_ENG,IImad66
Amundi_ENG,jobalto
Amundi_ENG,MoonrakerStudio
Amundi_ENG,JPothet
Amundi_ENG,ChrysisP
Amundi_ENG,CatSnowdon
Amundi_ENG,janssensfred
Amundi_ENG,foreste06
Amundi_ENG,vdelamore
Amundi_ENG,ElenaNieto1977
Amundi_ENG,Eamonn_Conway
Amundi_ENG,qrossx
Amundi_ENG,ApexFundService
Amundi_ENG,sbenoussaid
Amundi_ENG,remybrunelle
Amundi_ENG,Exact_Financial
Amundi_ENG,MagazineJeux
Amundi_ENG,CRANBERGER
Amundi_ENG,_lindseystewart
Amundi_ENG,andrewkgaphola
Amundi_ENG,LaManu1976
Amundi_ENG,CWAmericas
Amundi_ENG,Vortexindicator
Amundi_ENG,finanzaparlando
Amundi_ENG,AlbyVintage
Amundi_ENG,ClassicVenueS
Amundi_ENG,UNEP_FI
Amundi_ENG,dominikpfeiffer
Amundi_ENG,CMarrucho
Amundi_ENG,BRBFR
Amundi_ENG,SoryKta
Amundi_ENG,KimRiau
Amundi_ENG,AureliaSzymansk
Amundi_ENG,marteleur_m
Amundi_ENG,KRichko
Amundi_ENG,Eiffel_IG
Amundi_ENG,MsieurCourtois
Amundi_ENG,BinnendijkNiels
Amundi_ENG,YMsalleK
Amundi_ENG,SergiooYuste
Amundi_ENG,ADDEL64
Amundi_ENG,CEBlommestijn
Amundi_ENG,annie_po_po
Amundi_ENG,lowcarbon_PEI
Amundi_ENG,adamlrd
Amundi_ENG,ettahiri_mehdi
Amundi_ENG,_lalbatros
Amundi_ENG,InsuranceProHK
Amundi_ENG,flomagat
Amundi_ENG,brunor1984
Amundi_ENG,ChristianKraus5
Amundi_ENG,ItalyEurope24
Amundi_ENG,rudolfleeb
Amundi_ENG,GroupeCACareers
Amundi_ENG,Ohpen
Amundi_ENG,cuoreedenari
Amundi_ENG,NerTrade
Amundi_ENG,fsamama
Amundi_ENG,TheDarkMystery
Amundi_ENG,samira_alvandi
Amundi_ENG,RodrigoRegidor
Amundi_ENG,cw_Mancini
Amundi_ENG,livinggroup
Amundi_ENG,BertDidier
Amundi_ENG,SmallPlanetCOM
Amundi_ENG,Teddy_be4rr
Amundi_ENG,CedricBeguier
Amundi_ENG,fishesinabowl
Amundi_ENG,guillaume0812
Amundi_ENG,S_Laurenti
Amundi_ENG,SabCorsini
Amundi_ENG,abdeljalildhah1
Amundi_ENG,sarahlazCLMedia
Amundi_ENG,henrichs_dieter
Amundi_ENG,Neptune197
Amundi_ENG,FabrizioFrisone
Amundi_ENG,AlejandraPriGon
Amundi_ENG,IPEREGCA
Amundi_ENG,CHenneman
Amundi_ENG,TracyKnatt
Amundi_ENG,ZRefanZ
Amundi_ENG,teixeira_nun
Amundi_ENG,Alain__Berry
Amundi_ENG,Diego_sampaio1
Amundi_ENG,virogu
Amundi_ENG,CollotX
Amundi_ENG,GiangiBianchi
Amundi_ENG,nlucie
Amundi_ENG,GFlaischaker
Amundi_ENG,ZiliakLaw
Amundi_ENG,mpseksyen16pj
Amundi_ENG,LucaDoleni
Amundi_ENG,kierento
Amundi_ENG,finance_hacker
Amundi_ENG,kbriden
Amundi_ENG,manupicado
Amundi_ENG,KatieKeir
Amundi_ENG,Mercer_INV
Amundi_ENG,CA_alp_prov
Amundi_ENG,DorothySkrytek
Amundi_ENG,LucasJacquesMR
Amundi_ENG,PatOrif
Amundi_ENG,degouvillep
Amundi_ENG,Maximecharb
Amundi_ENG,JMGarciaRolan
Amundi_ENG,liaglezv
Amundi_ENG,RE_lawfeed
Amundi_ENG,GeraldinePollet
Amundi_ENG,R_double_v
Amundi_ENG,Consultiva_eu
Amundi_ENG,MarriTim
Amundi_ENG,Wellian_IS
Amundi_ENG,sergi_mad
Amundi_ENG,SybilVanTorre
Amundi_ENG,JeromePerrier
Amundi_ENG,RichardPPhilbin
Amundi_ENG,ya17paris
Amundi_ENG,IPERealAssets
Amundi_ENG,Vic_Shelton
Amundi_ENG,thomasgjohnston
Amundi_ENG,Ziliak
Amundi_ENG,LorcanRK
Amundi_ENG,SzumskiFrancis
Amundi_ENG,EuromoneyConf
Amundi_ENG,CryptoTader
Amundi_ENG,GusFuentes_
Amundi_ENG,giusegian
Amundi_ENG,nezodyhasido
Amundi_ENG,mizopisikisa
Amundi_ENG,velimimusexa
Amundi_ENG,cybigogyteta
Amundi_ENG,sicavonline
Amundi_ENG,QCAgents
Amundi_ENG,MatteoMussio
Amundi_ENG,HermesEconomics
Amundi_ENG,LanguesduMonde
Amundi_ENG,yvespoles
Amundi_ENG,C_Khalid
Amundi_ENG,loboccalini
Amundi_ENG,wbenattar
Amundi_ENG,estenie
Amundi_ENG,EventzGal
Amundi_ENG,VivianaDurosini
Amundi_ENG,BlanchetEndy
Amundi_ENG,PercipientCap
Amundi_ENG,Aitorzl
Amundi_ENG,LiveTheModaLife
Amundi_ENG,AToberman
Amundi_ENG,savalos_
Amundi_ENG,globalbuyout
Amundi_ENG,EthicalBoard
Amundi_ENG,Dorine234
Amundi_ENG,jxm5901
Amundi_ENG,skotmckay
Amundi_ENG,man_saxena
Amundi_ENG,JMirea
Amundi_ENG,dharmangshah
Amundi_ENG,GoldTraderFIN
Amundi_ENG,EmanuelaScerna
Amundi_ENG,marcellapersola
Amundi_ENG,emaloon
Amundi_ENG,theguy2die4
Amundi_ENG,Kang_shinil
Amundi_ENG,d93e82646ddd407
Amundi_ENG,DawnappleSP
Amundi_ENG,Phillipjdavey
Amundi_ENG,FawadKhursheed
Amundi_ENG,Rene_Buehlmann
Amundi_ENG,neoxamsoftware
Amundi_ENG,ag86dz
Amundi_ENG,DeniceLorraine
Amundi_ENG,J_Boegh
Amundi_ENG,francoisb15
Amundi_ENG,TheDeckLondon
Amundi_ENG,EdoardoLgg
Amundi_ENG,RajaaMekouar
Amundi_ENG,GallerEma
Amundi_ENG,LouisVingtCinq
Amundi_ENG,SteveBeckers
Amundi_ENG,EISturdza
Amundi_ENG,EmSchaf
Amundi_ENG,FANewsdesk
Amundi_ENG,Actusite
Amundi_ENG,hassantongnager
Amundi_ENG,KirsteinDK
Amundi_ENG,Renaud2L
Amundi_ENG,lowkeewealth
Amundi_ENG,Cantilis
Amundi_ENG,agma4810
Amundi_ENG,_mmauri
Amundi_ENG,Eeshita_21
Amundi_ENG,pdermenakis
Amundi_ENG,InvestorBot
Amundi_ENG,ali_alashq
Amundi_ENG,nonserveanulla
Amundi_ENG,8f1b84b4448a4b3
Amundi_ENG,Julien_Adam
Amundi_ENG,GFMAsia
Amundi_ENG,MattJCam
Amundi_ENG,iicFamilyOffice
Amundi_ENG,bigoud85
Amundi_ENG,IgnitesAsia
Amundi_ENG,OBKacc
Amundi_ENG,InsuranceAsset
Amundi_ENG,MondoETF
Amundi_ENG,koocylloh
Amundi_ENG,christopheoh
Amundi_ENG,Carlylouise0
Amundi_ENG,DirectSCPI
Amundi_ENG,henrycolumbine
Amundi_ENG,Giuid86
Amundi_ENG,SeppHolger
Amundi_ENG,VicSoso
Amundi_ENG,RulesRegulatio1
Amundi_ENG,IAR_Hardeep
Amundi_ENG,john_cant
Amundi_ENG,OUKSELKarim
Amundi_ENG,GauTier_Test
Amundi_ENG,ioannis1959
Amundi_ENG,BazzAfzal
Amundi_ENG,NatachaAnSh
Amundi_ENG,gmaujean
Amundi_ENG,AlvaroFArrieta
Amundi_ENG,GuyRoosen
Amundi_ENG,efundresearch
Amundi_ENG,uuuuuuuvcdesz
Amundi_ENG,frau888
Amundi_ENG,AdamSumnerEMR
Amundi_ENG,WorkSteph
Amundi_ENG,jamesquek
Amundi_ENG,ICEGA_ORG
Amundi_ENG,SolarisXYZ
Amundi_ENG,RSimsek752
Amundi_ENG,ethicalfunds
Amundi_ENG,InvestirFr
Amundi_ENG,Cunningham_PI
Amundi_ENG,wonderpisa
Amundi_ENG,sebasti1gros
Amundi_ENG,ChristophePoint
Amundi_ENG,Paul_Wynne
Amundi_ENG,BachmannLise
Amundi_ENG,IFA_asso
Amundi_ENG,Lucareds85
Amundi_ENG,betcuzzeri
Amundi_ENG,juneung
Amundi_ENG,DBries
Amundi_ENG,cordiumgroup
Amundi_ENG,natycuisine
Amundi_ENG,FundApps
Amundi_ENG,waelbourji
Amundi_ENG,Thomas_Wuest
Amundi_ENG,MgrMichalSevcik
Amundi_ENG,CAIlleEtVilaine
Amundi_ENG,Chrispaby
Amundi_ENG,FinanzKnowHow
Amundi_ENG,sylvie1228
Amundi_ENG,boersenzeitung
Amundi_ENG,nico_abreu_cost
Amundi_ENG,KevinSORIEUL
Amundi_ENG,FinanBizDaily
Amundi_ENG,ocoscupas
Amundi_ENG,chafchaouniy
Amundi_ENG,MdeRochechouard
Amundi_ENG,PentagonMatt
Amundi_ENG,CitywireAsia
Amundi_ENG,RISKADVISOR_CH
Amundi_ENG,Carsten_Hoegh
Amundi_ENG,StanhopeCapital
Amundi_ENG,JannickAtGent
Amundi_ENG,ajoor
Amundi_ENG,mparrini72
Amundi_ENG,massimoIada
Amundi_ENG,EIF2017
Amundi_ENG,JMoussavi
Amundi_ENG,Maggie_lagatta
Amundi_ENG,_robertoperalta
Amundi_ENG,jaap1912asas
Amundi_ENG,SteveTakesStock
Amundi_ENG,rackham51
Amundi_ENG,SPJFinCom
Amundi_ENG,jcsmapic
Amundi_ENG,ASInvestments
Amundi_ENG,C_Ommanney
Amundi_ENG,europlace
Amundi_ENG,vderderian73
Amundi_ENG,JCChristin
Amundi_ENG,TKYD_1999
Amundi_ENG,viola29
Amundi_ENG,LoucieDuwood
Amundi_ENG,David_Rano
Amundi_ENG,mckoan_jj
Amundi_ENG,pianoinspired2
Amundi_ENG,DColombo2014
Amundi_ENG,stellachiu0906
Amundi_ENG,SavivanhCharbit
Amundi_ENG,MichaelCElias
Amundi_ENG,JDeKeer
Amundi_ENG,FarmlandNetwork
Amundi_ENG,RIACanada
Amundi_ENG,souny5
Amundi_ENG,LecompteDom
Amundi_ENG,JVgJz
Amundi_ENG,OwenPSanderson
Amundi_ENG,pabrusin
Amundi_ENG,Mximd
Amundi_ENG,Gurjeet58972510
Amundi_ENG,FrancescoFornar
Amundi_ENG,MackayWilliams
Amundi_ENG,Knoore_
Amundi_ENG,martannousis
Amundi_ENG,ComarHedge
Amundi_ENG,PascalSKoenig
Amundi_ENG,bnfinanza
Amundi_ENG,DeusTech
Amundi_ENG,insyncmc
Amundi_ENG,simonscchow
Amundi_ENG,LeConSultan
Amundi_ENG,AlthofJoachim
Amundi_ENG,ashru_2002
Amundi_ENG,Mernri
Amundi_ENG,oekomresearch
Amundi_ENG,EthicsandBoards
Amundi_ENG,EPRA_realestate
Amundi_ENG,thethompsontwo
Amundi_ENG,SiemonVB
Amundi_ENG,azlandsaft
Amundi_ENG,RDbancaireetfin
Amundi_ENG,FBNW_Nordic
Amundi_ENG,agpairportcity
Amundi_ENG,PradhanPriyesh3
Amundi_ENG,lynnleetwr
Amundi_ENG,amLeagueINDICES
Amundi_ENG,MicheleVovor
Amundi_ENG,qbourelle
Amundi_ENG,vourceyre
Amundi_ENG,EMFunding
Amundi_ENG,FabioWire
Amundi_ENG,acirilloo
Amundi_ENG,benKing0001
Amundi_ENG,Asis_Maestre
Amundi_ENG,NASDAQIndexes
Amundi_ENG,erlendg
Amundi_ENG,mitesh1890
Amundi_ENG,leggmason
Amundi_ENG,JoseMiguelAbajo
Amundi_ENG,PaulineBardiau
Amundi_ENG,TomPorterSG
Amundi_ENG,panterarosa24
Amundi_ENG,Confluence_News
Amundi_ENG,VinzJeannin
Amundi_ENG,giuseppecaletti
Amundi_ENG,epe_asso
Amundi_ENG,DeloitteLU
Amundi_ENG,_IWEvents
Amundi_ENG,ty_mcgraw
Amundi_ENG,BISAMGroup
Amundi_ENG,MauriceHeld
Amundi_ENG,nestorceron
Amundi_ENG,johnmits2
Amundi_ENG,alexbedo1000
Amundi_ENG,Helofrancois
Amundi_ENG,Shuyi_W_alice
Amundi_ENG,JakeHemingway_
Amundi_ENG,_FrancescaMC
Amundi_ENG,FundAwards
Amundi_ENG,Actions_finance
Amundi_ENG,FairHedge
Amundi_ENG,ARTHURBROWN111
Amundi_ENG,economique
Amundi_ENG,Lilyoh13
Amundi_ENG,NicolasTaillet1
Amundi_ENG,Bambi_runs
Amundi_ENG,kiranrt
Amundi_ENG,lmdf79
Amundi_ENG,DemariaKurt
Amundi_ENG,LucaBaroni3
Amundi_ENG,IanFitz77
Amundi_ENG,ryansrichard
Amundi_ENG,forexb0y
Amundi_ENG,BeckViktor
Amundi_ENG,emmanuel_auger
Amundi_ENG,tummaxcom
Amundi_ENG,fabio0709
Amundi_ENG,FStaxation
Amundi_ENG,Hedgeguard
Amundi_ENG,dilka_escobar
Amundi_ENG,k4etrading
Amundi_ENG,sk1ma
Amundi_ENG,FundConnectAS
Amundi_ENG,lmleitaosilva
Amundi_ENG,_ignacio14
Amundi_ENG,FACCI_Australia
Amundi_ENG,timwilliamson
Amundi_ENG,abjfamily
Amundi_ENG,gsden
Amundi_ENG,fly1375
Amundi_ENG,swan_papa
Amundi_ENG,MacroVIGILANCE
Amundi_ENG,rorygove1
Amundi_ENG,dlm02124
Amundi_ENG,Welzel_Tax
Amundi_ENG,BertrandPujol
Amundi_ENG,AlphaFMC
Amundi_ENG,eugeniobarberio
Amundi_ENG,mc_bourgeois
Amundi_ENG,FrdricPascal
Amundi_ENG,PierreLCharron
Amundi_ENG,Merriman_jp
Amundi_ENG,EYA10
Amundi_ENG,JoanTube
Amundi_ENG,epage5_eric
Amundi_ENG,Clearstream
Amundi_ENG,MHoneygram
Amundi_ENG,Das_Leben_2014
Amundi_ENG,CAYATTEV
Amundi_ENG,Eleonore_Perez
Amundi_ENG,leon_aurelien
Amundi_ENG,SimonaStm
Amundi_ENG,GermainMANCEL
Amundi_ENG,_globalmacro
Amundi_ENG,Seb_da_Cunha
Amundi_ENG,gauravone
Amundi_ENG,Tochpa
Amundi_ENG,DavideCozzolin5
Amundi_ENG,JCastellanoT
Amundi_ENG,ComasRodriguez
Amundi_ENG,Danslavitesse
Amundi_ENG,ChrisAjv
Amundi_ENG,Ticino4Finance
Amundi_ENG,H24Finance
Amundi_ENG,altii_news
Amundi_ENG,JeanMavoui
Amundi_ENG,JapanNext_PTS
Amundi_ENG,jubatteux
Amundi_ENG,damienpryan
Amundi_ENG,rob_trades
Amundi_ENG,philippenahum
Amundi_ENG,MayfairWealth1
Amundi_ENG,cnbcSri
Amundi_ENG,SADIFAnalytics
Amundi_ENG,edmoisson
Amundi_ENG,CoudevilleF
Amundi_ENG,conaghan_james
Amundi_ENG,Catenon
Amundi_ENG,ESInvestmets
Amundi_ENG,SeyfeliTextile
Amundi_ENG,FIXGlobalOnline
Amundi_ENG,CaloniArtaud
Amundi_ENG,AgamiFO
Amundi_ENG,phiphat_aud
Amundi_ENG,kenowenspwc
Amundi_ENG,himynameisYAGO
Amundi_ENG,fabio_mannoni
Amundi_ENG,Simonspackard
Amundi_ENG,IPEAwards
Amundi_ENG,abenji95
Amundi_ENG,fincken
Amundi_ENG,fraamalgamation
Amundi_ENG,KhairinaKMB
Amundi_ENG,kamyuen2328
Amundi_ENG,bfgionline
Amundi_ENG,ETFNieuwsbrief
Amundi_ENG,iSidraSammi
Amundi_ENG,varljen
Amundi_ENG,Casadei_Claudio
Amundi_ENG,hydbadshah
Amundi_ENG,aramyan92
Amundi_ENG,VillaAdhoc
Amundi_ENG,MarineBaghdasar
Amundi_ENG,LeslieShaffer1
Amundi_ENG,fabrizioquarta
Amundi_ENG,Frederic_Labia
Amundi_ENG,FGiannoni70
Amundi_ENG,__earth
Amundi_ENG,Erdem___Polat
Amundi_ENG,cp_united
Amundi_ENG,CAC__40
Amundi_ENG,MeritAlSayed
Amundi_ENG,Luis_Goytia
Amundi_ENG,MasterEmfi
Amundi_ENG,_OktayPolat_
Amundi_ENG,wimmoerkerk
Amundi_ENG,A_Patrimoine
Amundi_ENG,DeeECTee
Amundi_ENG,WBAsia
Amundi_ENG,fondskompass
Amundi_ENG,chukynjere
Amundi_ENG,TG_TidJay
Amundi_ENG,CharlieMELANIE
Amundi_ENG,AndbankES
Amundi_ENG,aisha_tours
Amundi_ENG,NathalieHannon
Amundi_ENG,ETFcomEU
Amundi_ENG,CPF_Board
Amundi_ENG,abel_guillaume
Amundi_ENG,joobytooby
Amundi_ENG,Pascaljacquemi3
Amundi_ENG,martinbforrest
Amundi_ENG,mariedlp
Amundi_ENG,vsabharwals
Amundi_ENG,Inteplacements
Amundi_ENG,RLCashmore
Amundi_ENG,GOUMANEH1
Amundi_ENG,MarkPerozziello
Amundi_ENG,DavidGRecasens
Amundi_ENG,GoldenBakes
Amundi_ENG,Francisco_Dubai
Amundi_ENG,angela_carmina
Amundi_ENG,Dumes618
Amundi_ENG,mhawn1
Amundi_ENG,ellentoday
Amundi_ENG,guinnessfunds
Amundi_ENG,nicolasfavraud
Amundi_ENG,pb0375
Amundi_ENG,askourgias
Amundi_ENG,GaryShepherd
Amundi_ENG,hamlin74
Amundi_ENG,CassandraSeet
Amundi_ENG,LaffitteCapital
Amundi_ENG,dipeche
Amundi_ENG,FKoutrouba
Amundi_ENG,MagAffaires
Amundi_ENG,trivedi_gaurav
Amundi_ENG,siobhan_riding
Amundi_ENG,TOMHMOON
Amundi_ENG,cjaouen
Amundi_ENG,LSetzi
Amundi_ENG,sergejf
Amundi_ENG,Jade_2887
Amundi_ENG,Marketnews_dvp
Amundi_ENG,royhillen
Amundi_ENG,M_J_Po
Amundi_ENG,iwamoto2010
Amundi_ENG,cjean92
Amundi_ENG,AliciaVandijk1
Amundi_ENG,BforBank
Amundi_ENG,davidwyleong
Amundi_ENG,josej_martin
Amundi_ENG,cuttinghedgerec
Amundi_ENG,lauralougrande
Amundi_ENG,kvovor
Amundi_ENG,InfraNews_
Amundi_ENG,StateStreet
Amundi_ENG,NEIinvestments
Amundi_ENG,AwardsIrish
Amundi_ENG,absolutehedge
Amundi_ENG,adilwkhan
Amundi_ENG,cyrlerol
Amundi_ENG,beltranzm
Amundi_ENG,Iannaslam
Amundi_ENG,PMakridis
Amundi_ENG,EightThousander
Amundi_ENG,VigeoEiris
Amundi_ENG,uugg00
Amundi_ENG,ehedgefundjobs
Amundi_ENG,Arielle_T_Sime
Amundi_ENG,BeursEffecten
Amundi_ENG,alesbrana66
Amundi_ENG,yufujinako
Amundi_ENG,CleriSamuele
Amundi_ENG,a_aoki_
Amundi_ENG,JeremyBhasker
Amundi_ENG,Bettarel
Amundi_ENG,charlesmhaddad
Amundi_ENG,72toretto
Amundi_ENG,Urbistat
Amundi_ENG,hisparenas
Amundi_ENG,EntrepreneurAv
Amundi_ENG,alberto_silvati
Amundi_ENG,NicolasRerolle
Amundi_ENG,EuroFinance
Amundi_ENG,EnricSanchezFr
Amundi_ENG,k_rrera
Amundi_ENG,unopermille
Amundi_ENG,BapAboulian
Amundi_ENG,Spudwax
Amundi_ENG,rabeeh_1
Amundi_ENG,srinivasjain
Amundi_ENG,erinezra
Amundi_ENG,geraldgregoire
Amundi_ENG,mamarcellier
Amundi_ENG,bluenyc74
Amundi_ENG,holdingthebag
Amundi_ENG,CardwellInvest
Amundi_ENG,je8501
Amundi_ENG,FRSTDrongen
Amundi_ENG,CA_CIB
Amundi_ENG,acleverle
Amundi_ENG,capocket
Amundi_ENG,ICBISarah
Amundi_ENG,CACEIS
Amundi_ENG,CJ_Jnr
Amundi_ENG,BeateBuening
Amundi_ENG,LThomas12
Amundi_ENG,PRDefender
Amundi_ENG,FernexN
Amundi_ENG,Alison_R_F
Amundi_ENG,CTAIntelligence
Amundi_ENG,nicola_colletta
Amundi_ENG,proxycensus
Amundi_ENG,swfinstitute
Amundi_ENG,haganc313
Amundi_ENG,tatonnement1
Amundi_ENG,tcunneen
Amundi_ENG,Piccipit
Amundi_ENG,zabez101
Amundi_ENG,danradler
Amundi_ENG,maglouze
Amundi_ENG,AndreaCarelli1
Amundi_ENG,mnamysl
Amundi_ENG,wickedZH
Amundi_ENG,FXBAUD
Amundi_ENG,SamAntonioPhoto
Amundi_ENG,fredhoo78
Amundi_ENG,hugopika
Amundi_ENG,AndreBonder
Amundi_ENG,AttractaMooney
Amundi_ENG,kennmaes
Amundi_ENG,findemily
Amundi_ENG,PPielichata
Amundi_ENG,SirFacchi
Amundi_ENG,shenno
Amundi_ENG,DrJay001
Amundi_ENG,luciobur
Amundi_ENG,profaminrajan
Amundi_ENG,etfsecurities
Amundi_ENG,Swebco
Amundi_ENG,SperlingStar
Amundi_ENG,nbaudy
Amundi_ENG,davidricketts
Amundi_ENG,TejashONE
Amundi_ENG,tklbtk
Amundi_ENG,mankilau
Amundi_ENG,ModNdiaye
Amundi_ENG,biz_reporter
Amundi_ENG,paogutierrezv
Amundi_ENG,DAGOSTINOLUCA
Amundi_ENG,lovrinovic
Amundi_ENG,UcitsForHedgeFu
Amundi_ENG,Bouarb
Amundi_ENG,ALLIER14
Amundi_ENG,dscigliuzzo
Amundi_ENG,cneale
Amundi_ENG,AndreaCaddeo
Amundi_ENG,ITEnrico
Amundi_ENG,roccoiubatti
Amundi_ENG,ItaSIF
Amundi_ENG,azrak_e
Amundi_ENG,jma3906
Amundi_ENG,asset_mgmt
Amundi_ENG,HFMWeek
Amundi_ENG,hhofmeester
Amundi_ENG,simonvlc
Amundi_ENG,Z_Redouane
Amundi_ENG,imchiko
Amundi_ENG,merrickstyles
Amundi_ENG,OusmaneDominik
Amundi_ENG,chris_sloley
Amundi_ENG,Eurosif
Amundi_ENG,critony
Amundi_ENG,OpenDoorRec
Amundi_ENG,Sarra__Saidi
Amundi_ENG,Morningstarit
Amundi_ENG,anothercarogod
Amundi_ENG,CitywireEvents
Amundi_ENG,gorgutes
Amundi_ENG,akira_ukamori
Amundi_ENG,DeutscheBoerse
Amundi_ENG,hec_sbc
Amundi_ENG,JovanPonsioen
Amundi_ENG,ThomasPaulWeiss
Amundi_ENG,pedrojimenezsal
Amundi_ENG,SteinIAS
Amundi_ENG,cwselector
Amundi_ENG,Gab2312
Amundi_ENG,LDNPE
Amundi_ENG,nacho_galindo
Amundi_ENG,DeProftPeter
Amundi_ENG,Redjeco
Amundi_ENG,MEFOP
Amundi_ENG,EFAMASec
Amundi_ENG,nirvam1974
Amundi_ENG,EFAMANews
Amundi_ENG,fundforum
Amundi_ENG,FTSERussell
Amundi_ENG,paolocalcinari
Amundi_ENG,amilcar22000
Amundi_ENG,Loiselet
Amundi_ENG,AlexDrabowicz
Amundi_ENG,IngelsBart
Amundi_ENG,Isa_Y_Sevinc
Amundi_ENG,nanolorenzo99
Amundi_ENG,Trendensity
Amundi_ENG,DanielGanev
Amundi_ENG,rogerenric
Amundi_ENG,CFSRating
Amundi_ENG,spiroskr
Amundi_ENG,clientreporting
Amundi_ENG,AVANGYS
Amundi_ENG,blaiserobinson
Amundi_ENG,TSAMbuyside
Amundi_ENG,AlanEnew
Amundi_ENG,AlexEssayan
Amundi_ENG,luttikhedde
Amundi_ENG,erik_aalbers
Amundi_ENG,rotreva
Amundi_ENG,akrachm
Amundi_ENG,DiverInvest
Amundi_ENG,jhunjhunwalas4u
Amundi_ENG,OukselTarik
Amundi_ENG,hksunnie
Amundi_ENG,A5melash
Amundi_ENG,kurtosys
Amundi_ENG,oUiN_oUiN_
Amundi_ENG,mark_yyyyyyyyyy
Amundi_ENG,AlicanAcundas
Amundi_ENG,ETF_Strategy
Amundi_ENG,90tham
Amundi_ENG,Green_Cape
Amundi_ENG,PLarrs
Amundi_ENG,LaurenceHENAFF
Amundi_ENG,AODProject
Amundi_ENG,edouardguerin
Amundi_ENG,CitywireRatings
Amundi_ENG,JGBPARTNERS
Amundi_ENG,LaFuoriLuogo
Amundi_ENG,lcdSCPI
Amundi_ENG,FundRadar
Amundi_ENG,meritrevi
Amundi_ENG,ITSAPT
Amundi_ENG,okieR_ihsaoH
Amundi_ENG,HINDA22
Amundi_ENG,TraceInfluences
Amundi_ENG,ahagestionp
Amundi_ENG,sdelagabbe
Amundi_ENG,vbgovernance
Amundi_ENG,InvAssoc
Amundi_ENG,VeriFin
Amundi_ENG,kadrige
Amundi_ENG,NickSwsk
Amundi_ENG,GeorgiosGlykos
Amundi_ENG,briearnscott
Amundi_ENG,wellwellwellhel
Amundi_ENG,petitcun
Amundi_ENG,swardavoir
Amundi_ENG,justincarella
Amundi_ENG,arnaud7r
Amundi_ENG,ConsumerTrader
Amundi_ENG,alexandraollo
Amundi_ENG,bjornpintelon
Amundi_ENG,Krystel_BE
Amundi_ENG,bullversusbear
Amundi_ENG,stand65742456
Amundi_ENG,Samy10m
Amundi_ENG,ClemDerN
Amundi_ENG,ETF_NEWS_DE
Amundi_ENG,eelcoubbels
Amundi_ENG,Riskelia
Amundi_ENG,PIGNOLETDF
Amundi_ENG,Max_i_mm
Amundi_ENG,Mattfinances
Amundi_ENG,cecile_slt
Amundi_ENG,Relpax40
Amundi_ENG,Alexanaron
Amundi_ENG,cebonsamaritain
Amundi_ENG,cdegabory
Amundi_ENG,_Nicolas_Simon
Amundi_ENG,wombledavid
Amundi_ENG,PLFB68
Amundi_ENG,citijohn
Amundi_ENG,XavierDelacour
Amundi_ENG,LBe56
Amundi_ENG,clgovernance
Amundi_ENG,Ratitine
Amundi_ENG,miriamoucouc
Amundi_ENG,Credit_Agricole
Amundi_ENG,MarcGes1989
Amundi_ENG,Amundi_FR
Amundi_ENG,miscellanea_
Amundi_ENG,CharlotteBinche
Amundi_ENG,PomDauphine
Amundi_ENG,WSI_Bretagne
Amundi_ENG,ArrowGroup1
Amundi_ENG,EddyMitchous
